Provinsi,NamaKab/Kota,Air Kemasan,Air Ledeng,Sumber Terlindung,Sumber Tidak Terlindung
ACEH,ACEH BARAT,1904,313,10073,7652
ACEH,ACEH BARAT DAYA,947,347,12419,4360
ACEH,ACEH BESAR,11310,2014,21377,4810
ACEH,ACEH JAYA,470,219,4923,2340
ACEH,ACEH SELATAN,1135,812,16574,10874
ACEH,ACEH SINGKIL,777,1085,3142,7463
ACEH,ACEH TAMIANG,7036,1874,12074,7771
ACEH,ACEH TENGAH,1053,1503,10178,7065
ACEH,ACEH TENGGARA,191,574,9080,5741
ACEH,ACEH TIMUR,3414,4554,17418,22203
ACEH,ACEH UTARA,3251,4911,34327,38128
ACEH,BENER MERIAH,194,1321,4904,3058
ACEH,BIREUEN,3521,4411,29752,15538
ACEH,GAYO LUES,255,484,3747,3388
ACEH,KOTA BANDA ACEH,7228,646,522,24
ACEH,KOTA LANGSA,3477,601,5118,493
ACEH,KOTA LHOKSEUMAWE,5934,661,4524,1064
ACEH,KOTA SABANG,1312,274,422,245
ACEH,KOTA SUBULUSSALAM,265,303,822,5920
ACEH,NAGAN RAYA,417,29,11859,7433
ACEH,PIDIE,4245,1160,35002,9699
ACEH,PIDIE JAYA,2873,1762,10901,3447
ACEH,SIMEULUE,1081,129,3906,6650
ACEH,TOTAL,29987,263064,175366,0
BALI,BADUNG,750,2630,8039,882
BALI,BANGLI,149,4472,6691,6004
BALI,BULELENG,581,10933,35315,15153
BALI,GIANYAR,114,6403,11012,1570
BALI,JEMBRANA,1034,3598,7182,5896
BALI,KARANG ASEM,101,11096,15309,11930
BALI,KLUNGKUNG,128,4464,1687,4910
BALI,KOTA DENPASAR,3074,319,1189,135
BALI,TABANAN,529,9951,15130,3549
BALI,TOTAL,53866,101554,50029,0
BANTEN,KOTA CILEGON,4975,455,8147,304
BANTEN,KOTA SERANG,7046,466,11095,1882
BANTEN,KOTA TANGERANG,24141,7100,36921,403
BANTEN,KOTA TANGERANG SELATAN,3271,642,28998,1542
BANTEN,LEBAK,1569,1779,47230,54624
BANTEN,PANDEGLANG,4851,2984,44111,61396
BANTEN,SERANG,12909,2149,36244,18011
BANTEN,TANGERANG,52691,25182,133967,17505
BANTEN,TOTAL,40757,346713,155667,0
BENGKULU,BENGKULU SELATAN,115,259,3898,7965
BENGKULU,BENGKULU TENGAH,165,364,1649,10227
BENGKULU,BENGKULU UTARA,216,1545,3942,16474
BENGKULU,KAUR,77,313,3630,8127
BENGKULU,KEPAHIANG,53,1033,1837,7863
BENGKULU,KOTA BENGKULU,5906,2305,7150,4936
BENGKULU,LEBONG,211,1892,1913,6204
BENGKULU,MUKOMUKO,1665,34,2128,9455
BENGKULU,REJANG LEBONG,65,1951,8932,16976
BENGKULU,SELUMA,234,73,2752,16906
BENGKULU,TOTAL,9769,37831,105133,0
DI YOGYAKARTA,BANTUL,656,5812,81756,10375
DI YOGYAKARTA,GUNUNG KIDUL,242,32742,34251,29973
DI YOGYAKARTA,KOTA YOGYAKARTA,802,4267,20448,610
DI YOGYAKARTA,KULON PROGO,263,4787,27078,12027
DI YOGYAKARTA,SLEMAN,642,3469,83055,14280
DI YOGYAKARTA,TOTAL,51077,246588,67265,0
DKI JAKARTA,KEPULAUAN SERIBU,1243,232,35,242
DKI JAKARTA,KOTA JAKARTA BARAT,17745,29138,6056,32
DKI JAKARTA,KOTA JAKARTA PUSAT,12075,17150,5576,0
DKI JAKARTA,KOTA JAKARTA SELATAN,11403,1202,25408,64
DKI JAKARTA,KOTA JAKARTA TIMUR,27866,5172,34685,0
DKI JAKARTA,KOTA JAKARTA UTARA,39836,29066,560,0
DKI JAKARTA,TOTAL,81960,72320,338,0
GORONTALO,BOALEMO,450,1444,9844,2998
GORONTALO,BONE BOLANGO,990,1489,9362,2269
GORONTALO,GORONTALO,1938,3452,33127,6212
GORONTALO,GORONTALO UTARA,660,926,5714,4674
GORONTALO,KOTA GORONTALO,2141,3682,6915,268
GORONTALO,POHUWATO,1821,3287,3738,2512
GORONTALO,TOTAL,14280,68700,18933,0
JAMBI,BATANG HARI,1137,1040,7846,11012
JAMBI,BUNGO,1004,449,8069,7976
JAMBI,KERINCI,1752,8433,8394,9880
JAMBI,KOTA JAMBI,7057,9050,10910,4691
JAMBI,KOTA SUNGAI PENUH,690,3008,819,948
JAMBI,MERANGIN,880,259,5359,16643
JAMBI,MUARO JAMBI,2724,565,5650,8598
JAMBI,SAROLANGUN,661,658,7677,13677
JAMBI,TANJUNG JABUNG BARAT,1503,188,2752,20394
JAMBI,TANJUNG JABUNG TIMUR,2121,18,458,14322
JAMBI,TEBO,402,546,7601,12182
JAMBI,TOTAL,24214,65535,120323,0
JAWA BARAT,BANDUNG,53821,9850,209691,53668
JAWA BARAT,BANDUNG BARAT,4766,6576,93577,37103
JAWA BARAT,BEKASI,79625,7443,62526,9258
JAWA BARAT,BOGOR,11235,7068,188948,111763
JAWA BARAT,CIAMIS,3137,3997,88601,55396
JAWA BARAT,CIANJUR,10551,7088,176616,110186
JAWA BARAT,CIREBON,42928,22778,158055,26039
JAWA BARAT,GARUT,9542,11088,183764,111014
JAWA BARAT,INDRAMAYU,84848,48025,92194,12333
JAWA BARAT,KARAWANG,39083,11459,147509,21604
JAWA BARAT,KOTA BANDUNG,39070,27535,47750,2851
JAWA BARAT,KOTA BANJAR,1211,283,8261,2079
JAWA BARAT,KOTA BEKASI,36195,2216,56647,456
JAWA BARAT,KOTA BOGOR,5683,20075,42647,2901
JAWA BARAT,KOTA CIMAHI,7958,1515,14717,1377
JAWA BARAT,KOTA CIREBON,4981,15325,4398,1466
JAWA BARAT,KOTA DEPOK,6383,1647,65371,876
JAWA BARAT,KOTA SUKABUMI,3483,962,14547,3596
JAWA BARAT,KOTA TASIKMALAYA,9865,1339,40014,15517
JAWA BARAT,KUNINGAN,691,6248,74387,27406
JAWA BARAT,MAJALENGKA,15501,3362,98984,20169
JAWA BARAT,PANGANDARAN,2280,523,24298,16326
JAWA BARAT,PURWAKARTA,942,2539,29921,26247
JAWA BARAT,SUBANG,7829,15332,97556,10184
JAWA BARAT,SUKABUMI,4923,3503,109417,117641
JAWA BARAT,SUMEDANG,2368,6564,65954,22035
JAWA BARAT,TASIKMALAYA,2609,1921,96265,111010
JAWA BARAT,TOTAL,246261,2292615,930501,0
JAWA TENGAH,BANJARNEGARA,323,2132,59766,43961
JAWA TENGAH,BANYUMAS,5302,8689,133862,73598
JAWA TENGAH,BATANG,198,5590,52587,16621
JAWA TENGAH,BLORA,7589,9574,78880,15617
JAWA TENGAH,BOYOLALI,335,7932,70301,18244
JAWA TENGAH,BREBES,13940,48985,176266,24787
JAWA TENGAH,CILACAP,7341,13206,131699,57091
JAWA TENGAH,DEMAK,33236,23494,77561,15997
JAWA TENGAH,GROBOGAN,30325,9966,99452,49927
JAWA TENGAH,JEPARA,4545,13112,75778,58318
JAWA TENGAH,KARANGANYAR,378,13060,59408,4306
JAWA TENGAH,KEBUMEN,2195,3115,110402,40938
JAWA TENGAH,KENDAL,3194,16767,62136,15452
JAWA TENGAH,KLATEN,725,9601,139481,18688
JAWA TENGAH,KOTA MAGELANG,31,6054,2911,141
JAWA TENGAH,KOTA PEKALONGAN,780,9013,18851,982
JAWA TENGAH,KOTA SALATIGA,44,4295,4307,524
JAWA TENGAH,KOTA SEMARANG,13679,28508,33974,1822
JAWA TENGAH,KOTA SURAKARTA,2900,12074,25295,798
JAWA TENGAH,KOTA TEGAL,403,20488,955,144
JAWA TENGAH,KUDUS,3660,6611,42921,4459
JAWA TENGAH,MAGELANG,288,16253,101444,35592
JAWA TENGAH,PATI,25166,26612,109024,17024
JAWA TENGAH,PEKALONGAN,1355,4741,79750,17259
JAWA TENGAH,PEMALANG,5776,13732,124555,24435
JAWA TENGAH,PURBALINGGA,1564,11307,68498,36281
JAWA TENGAH,PURWOREJO,133,3213,55188,22962
JAWA TENGAH,REMBANG,18899,7655,59533,5083
JAWA TENGAH,SEMARANG,520,4913,53596,14566
JAWA TENGAH,SRAGEN,2680,12005,61128,5783
JAWA TENGAH,SUKOHARJO,1952,5813,71926,4949
JAWA TENGAH,TEGAL,5555,19278,118713,23524
JAWA TENGAH,TEMANGGUNG,124,9842,56886,14384
JAWA TENGAH,TOTAL,435973,2536712,717241,0
JAWA TENGAH,WONOGIRI,273,10919,69109,13035
JAWA TENGAH,WONOSOBO,95,17424,50569,19949
JAWA TIMUR,BANGKALAN,4729,3173,93916,26271
JAWA TIMUR,BANYUWANGI,5005,15548,138480,23657
JAWA TIMUR,BLITAR,421,10808,82228,18844
JAWA TIMUR,BOJONEGORO,11847,8226,131825,12723
JAWA TIMUR,BONDOWOSO,260,7657,117060,27371
JAWA TIMUR,GRESIK,53147,6513,28569,7592
JAWA TIMUR,JEMBER,2418,5716,225844,61312
JAWA TIMUR,JOMBANG,10022,5228,130653,6177
JAWA TIMUR,KEDIRI,804,4872,130752,18653
JAWA TIMUR,KOTA BATU,52,2421,8840,207
JAWA TIMUR,KOTA BLITAR,291,463,5563,836
JAWA TIMUR,KOTA KEDIRI,1403,762,18846,217
JAWA TIMUR,KOTA MADIUN,2169,2418,2879,62
JAWA TIMUR,KOTA MALANG,927,10655,18595,1000
JAWA TIMUR,KOTA MOJOKERTO,2603,72,4284,14
JAWA TIMUR,KOTA PASURUAN,2428,5389,6455,63
JAWA TIMUR,KOTA PROBOLINGGO,2487,1197,13822,40
JAWA TIMUR,KOTA SURABAYA,77307,68116,3388,328
JAWA TIMUR,LAMONGAN,33537,17617,49455,14571
JAWA TIMUR,LUMAJANG,1947,18104,100567,12078
JAWA TIMUR,MADIUN,1202,8735,58301,4980
JAWA TIMUR,MAGETAN,568,19949,37708,3503
JAWA TIMUR,MALANG,654,30369,152496,28895
JAWA TIMUR,MOJOKERTO,3429,4965,66959,4476
JAWA TIMUR,NGANJUK,3600,4354,127664,10573
JAWA TIMUR,NGAWI,2796,8191,101122,6676
JAWA TIMUR,PACITAN,107,4670,28024,21484
JAWA TIMUR,PAMEKASAN,440,8159,92062,23866
JAWA TIMUR,PASURUAN,3059,21856,149988,23666
JAWA TIMUR,PONOROGO,783,5175,88368,15709
JAWA TIMUR,PROBOLINGGO,2023,19514,130827,31989
JAWA TIMUR,SAMPANG,657,9129,78448,48037
JAWA TIMUR,SIDOARJO,19928,22357,72865,2086
JAWA TIMUR,SITUBONDO,283,8100,86881,13928
JAWA TIMUR,SUMENEP,472,8588,146053,25448
JAWA TIMUR,TOTAL,408093,2930087,551868,0
JAWA TIMUR,TRENGGALEK,413,1244,45140,36281
JAWA TIMUR,TUBAN,19757,17916,79461,7712
JAWA TIMUR,TULUNGAGUNG,912,9867,75699,10543
KALIMANTAN BARAT,BENGKAYANG,83,276,4573,12511
KALIMANTAN BARAT,KAPUAS HULU,367,2928,4223,19043
KALIMANTAN BARAT,KAYONG UTARA,17,0,2196,6393
KALIMANTAN BARAT,KETAPANG,1431,682,9632,28155
KALIMANTAN BARAT,KOTA PONTIANAK,829,179,16,22427
KALIMANTAN BARAT,KOTA SINGKAWANG,762,1044,2188,9799
KALIMANTAN BARAT,KUBU RAYA,213,103,555,49902
KALIMANTAN BARAT,LANDAK,209,3538,7734,34771
KALIMANTAN BARAT,MELAWI,349,361,3456,13096
KALIMANTAN BARAT,MEMPAWAH,258,151,2105,23523
KALIMANTAN BARAT,SAMBAS,156,285,1010,39649
KALIMANTAN BARAT,SANGGAU,834,2110,8153,19893
KALIMANTAN BARAT,SEKADAU,44,417,1275,7288
KALIMANTAN BARAT,SINTANG,1361,721,5872,34971
KALIMANTAN BARAT,TOTAL,12795,52988,321421,0
KALIMANTAN SELATAN,BALANGAN,62,1052,2017,4301
KALIMANTAN SELATAN,BANJAR,626,4212,2565,16660
KALIMANTAN SELATAN,BARITO KUALA,225,1334,1335,15277
KALIMANTAN SELATAN,HULU SUNGAI SELATAN,599,3014,8908,8990
KALIMANTAN SELATAN,HULU SUNGAI TENGAH,419,1971,15136,9004
KALIMANTAN SELATAN,HULU SUNGAI UTARA,203,5929,10216,9652
KALIMANTAN SELATAN,KOTA BANJAR BARU,1200,767,3620,5194
KALIMANTAN SELATAN,KOTA BANJARMASIN,512,35682,62,377
KALIMANTAN SELATAN,KOTA BARU,457,1700,4296,8280
KALIMANTAN SELATAN,TABALONG,764,3894,4134,10458
KALIMANTAN SELATAN,TANAH BUMBU,2881,1539,2579,9758
KALIMANTAN SELATAN,TANAH LAUT,331,378,4918,11971
KALIMANTAN SELATAN,TAPIN,140,517,1857,3919
KALIMANTAN SELATAN,TOTAL,61989,61643,113841,0
KALIMANTAN TENGAH,BARITO SELATAN,108,1138,741,5125
KALIMANTAN TENGAH,BARITO TIMUR,155,192,1383,3388
KALIMANTAN TENGAH,BARITO UTARA,156,1170,750,5164
KALIMANTAN TENGAH,GUNUNG MAS,64,33,219,1127
KALIMANTAN TENGAH,KAPUAS,757,1191,2972,25678
KALIMANTAN TENGAH,KATINGAN,426,289,3706,4807
KALIMANTAN TENGAH,KOTA PALANGKA RAYA,1816,455,6444,427
KALIMANTAN TENGAH,KOTAWARINGIN BARAT,1369,1562,3919,2992
KALIMANTAN TENGAH,KOTAWARINGIN TIMUR,2791,1854,3368,20047
KALIMANTAN TENGAH,LAMANDAU,158,55,670,2242
KALIMANTAN TENGAH,MURUNG RAYA,5,295,780,4611
KALIMANTAN TENGAH,PULANG PISAU,751,254,1666,8337
KALIMANTAN TENGAH,SERUYAN,661,265,2855,2974
KALIMANTAN TENGAH,SUKAMARA,130,30,1479,996
KALIMANTAN TENGAH,TOTAL,8783,30952,87915,0
KALIMANTAN TIMUR,BERAU,900,915,1902,4252
KALIMANTAN TIMUR,KOTA BALIKPAPAN,8372,11449,2844,2028
KALIMANTAN TIMUR,KOTA BONTANG,3540,3041,539,320
KALIMANTAN TIMUR,KOTA SAMARINDA,12315,10206,2457,2336
KALIMANTAN TIMUR,KUTAI BARAT,667,753,2230,6500
KALIMANTAN TIMUR,KUTAI KARTANEGARA,11869,5246,5687,13017
KALIMANTAN TIMUR,KUTAI TIMUR,7356,2540,2760,9678
KALIMANTAN TIMUR,MAHAKAM HULU,35,5,288,1785
KALIMANTAN TIMUR,PASER,3515,2168,3357,12386
KALIMANTAN TIMUR,PENAJAM PASER UTARA,3999,601,2333,3570
KALIMANTAN TIMUR,TOTAL,36924,24397,55872,0
KALIMANTAN UTARA,BULUNGAN,436,378,319,4262
KALIMANTAN UTARA,KOTA TARAKAN,3427,1615,1131,4007
KALIMANTAN UTARA,MALINAU,381,990,298,2985
KALIMANTAN UTARA,NUNUKAN,1459,1090,1217,9134
KALIMANTAN UTARA,TANA TIDUNG,32,5,63,593
KALIMANTAN UTARA,TOTAL,4078,3028,20981,0
KEPULAUAN BANGKA BELITUNG,BANGKA,3086,655,7489,3784
KEPULAUAN BANGKA BELITUNG,BANGKA BARAT,327,136,2825,2911
KEPULAUAN BANGKA BELITUNG,BANGKA SELATAN,1849,68,4042,2086
KEPULAUAN BANGKA BELITUNG,BANGKA TENGAH,2649,166,4473,3042
KEPULAUAN BANGKA BELITUNG,BELITUNG,3016,106,3486,3340
KEPULAUAN BANGKA BELITUNG,BELITUNG TIMUR,3099,84,2071,2160
KEPULAUAN BANGKA BELITUNG,KOTA PANGKAL PINANG,4238,110,3735,559
KEPULAUAN BANGKA BELITUNG,TOTAL,1325,28121,17882,0
KEPULAUAN RIAU,BINTAN,1394,253,2211,2073
KEPULAUAN RIAU,KARIMUN,724,1033,7605,4407
KEPULAUAN RIAU,KEPULAUAN ANAMBAS,78,1,40,586
KEPULAUAN RIAU,KOTA BATAM,20905,7532,5569,5897
KEPULAUAN RIAU,KOTA TANJUNG PINANG,3237,1128,4823,1028
KEPULAUAN RIAU,LINGGA,282,555,3885,2481
KEPULAUAN RIAU,NATUNA,209,178,1191,1002
KEPULAUAN RIAU,TOTAL,10680,25324,17474,0
LAMPUNG,KOTA BANDAR LAMPUNG,23487,9443,40226,7494
LAMPUNG,KOTA METRO,650,30,5480,2355
LAMPUNG,LAMPUNG BARAT,166,4891,9992,18396
LAMPUNG,LAMPUNG SELATAN,11248,1200,79605,40083
LAMPUNG,LAMPUNG TENGAH,775,358,60963,60804
LAMPUNG,LAMPUNG TIMUR,3144,1757,55868,48347
LAMPUNG,LAMPUNG UTARA,271,599,22292,50297
LAMPUNG,MESUJI,3978,71,8750,9424
LAMPUNG,PESAWARAN,1774,1649,34742,23756
LAMPUNG,PESISIR BARAT,534,130,8990,9976
LAMPUNG,PRINGSEWU,5155,436,23020,7881
LAMPUNG,TANGGAMUS,431,1148,28398,36134
LAMPUNG,TOTAL,22882,419986,377409,0
LAMPUNG,TULANG BAWANG BARAT,181,51,3573,18940
LAMPUNG,TULANGBAWANG,6032,1059,20868,13897
LAMPUNG,WAY KANAN,137,60,17219,29625
MALUKU,BURU,169,335,4453,3573
MALUKU,BURU SELATAN,3,524,3012,2194
MALUKU,KEPULAUAN ARU,13,287,1886,4513
MALUKU,KOTA AMBON,562,4940,12283,1281
MALUKU,KOTA TUAL,90,182,2718,1357
MALUKU,MALUKU BARAT DAYA,10,139,9037,858
MALUKU,MALUKU TENGAH,232,3862,23825,9613
MALUKU,MALUKU TENGGARA,16,413,5159,1370
MALUKU,MALUKU TENGGARA BARAT,40,1121,9396,1193
MALUKU,SERAM BAGIAN BARAT,25,264,12963,6577
MALUKU,SERAM BAGIAN TIMUR,37,0,4776,4172
MALUKU,TOTAL,12067,89508,36701,0
MALUKU UTARA,HALMAHERA BARAT,26,604,4361,2172
MALUKU UTARA,HALMAHERA SELATAN,18,710,5097,3701
MALUKU UTARA,HALMAHERA TENGAH,29,44,2572,1403
MALUKU UTARA,HALMAHERA TIMUR,104,0,2963,3210
MALUKU UTARA,HALMAHERA UTARA,47,421,3135,2900
MALUKU UTARA,KEPULAUAN SULA,22,214,2348,1763
MALUKU UTARA,KOTA TERNATE,46,1219,1461,793
MALUKU UTARA,KOTA TIDORE KEPULAUAN,46,292,3722,2017
MALUKU UTARA,PULAU MOROTAI,9,157,1358,1984
MALUKU UTARA,PULAU TALIABU,4,33,701,1756
MALUKU UTARA,TOTAL,3694,27718,21699,0
NUSA TENGGARA BARAT,BIMA,107,3314,52540,5954
NUSA TENGGARA BARAT,DOMPU,115,3457,25608,1527
NUSA TENGGARA BARAT,KOTA BIMA,300,1862,12774,704
NUSA TENGGARA BARAT,KOTA MATARAM,2732,18145,13648,1195
NUSA TENGGARA BARAT,LOMBOK BARAT,3601,14100,69851,15713
NUSA TENGGARA BARAT,LOMBOK TENGAH,4173,16610,120220,22323
NUSA TENGGARA BARAT,LOMBOK TIMUR,3189,19268,172771,25022
NUSA TENGGARA BARAT,LOMBOK UTARA,470,5456,22972,7623
NUSA TENGGARA BARAT,SUMBAWA,1815,6614,27254,7126
NUSA TENGGARA BARAT,SUMBAWA BARAT,1707,2094,10188,592
NUSA TENGGARA BARAT,TOTAL,90920,527826,87779,0
NUSA TENGGARA TIMUR,ALOR,20,1552,13832,10773
NUSA TENGGARA TIMUR,BELU,105,1404,11556,7903
NUSA TENGGARA TIMUR,ENDE,29,1641,22129,3959
NUSA TENGGARA TIMUR,FLORES TIMUR,61,1126,19666,1269
NUSA TENGGARA TIMUR,KOTA KUPANG,413,7326,8385,3435
NUSA TENGGARA TIMUR,KUPANG,48,1507,20274,14051
NUSA TENGGARA TIMUR,LEMBATA,35,1398,11538,4235
NUSA TENGGARA TIMUR,MALAKA,17,431,11970,9937
NUSA TENGGARA TIMUR,MANGGARAI,28,3288,22489,10883
NUSA TENGGARA TIMUR,MANGGARAI BARAT,100,2654,18375,13087
NUSA TENGGARA TIMUR,MANGGARAI TIMUR,0,1395,24547,13720
NUSA TENGGARA TIMUR,NAGEKEO,13,808,8588,1840
NUSA TENGGARA TIMUR,NGADA,43,2535,7133,2163
NUSA TENGGARA TIMUR,ROTE NDAO,25,469,9074,9043
NUSA TENGGARA TIMUR,SABU RAIJUA,47,107,5688,8846
NUSA TENGGARA TIMUR,SIKKA,154,3763,19610,10714
NUSA TENGGARA TIMUR,SUMBA BARAT,19,54,7024,8916
NUSA TENGGARA TIMUR,SUMBA BARAT DAYA,194,850,14194,30894
NUSA TENGGARA TIMUR,SUMBA TENGAH,2,2,3860,5587
NUSA TENGGARA TIMUR,SUMBA TIMUR,13,1844,7072,16930
NUSA TENGGARA TIMUR,TIMOR TENGAH SELATAN,8,751,28682,45894
NUSA TENGGARA TIMUR,TIMOR TENGAH UTARA,29,1304,20966,9084
NUSA TENGGARA TIMUR,TOTAL,36209,316652,243163,0
PAPUA,ASMAT,10,6,9,11859
PAPUA,BIAK NUMFOR,971,1242,5762,5876
PAPUA,BOVEN DIGOEL,6,17,1088,4235
PAPUA,DEIYAI,4,5,412,2570
PAPUA,DOGIYAI,9,4,495,4075
PAPUA,INTAN JAYA,0,0,9,197
PAPUA,JAYAPURA,83,496,2628,6127
PAPUA,JAYAWIJAYA,5,12,152,12977
PAPUA,KEEROM,1115,22,1648,3439
PAPUA,KEPULAUAN YAPEN,51,992,3826,3197
PAPUA,KOTA JAYAPURA,3427,6625,4180,1946
PAPUA,LANNY JAYA,0,6,982,4641
PAPUA,MAMBERAMO RAYA,1,0,288,399
PAPUA,MAMBERAMO TENGAH,0,0,387,300
PAPUA,MAPPI,11,46,1822,8551
PAPUA,MERAUKE,1108,667,4134,7154
PAPUA,MIMIKA,3156,6,1988,8102
PAPUA,NABIRE,632,129,3333,5190
PAPUA,NDUGA,0,0,0,0
PAPUA,PANIAI,2,2,523,6356
PAPUA,PEGUNUNGAN BINTANG,3,4,3872,8970
PAPUA,PUNCAK,0,0,10,11316
PAPUA,PUNCAK JAYA,1,13,4561,2407
PAPUA,SARMI,22,2,283,1756
PAPUA,SUPIORI,4,15,825,1188
PAPUA,TOLIKARA,105,4,65,4112
PAPUA,TOTAL,10325,46926,139728,0
PAPUA,WAROPEN,27,5,785,786
PAPUA,YAHUKIMO,1,5,343,9627
PAPUA,YALIMO,0,0,2516,2375
PAPUA BARAT,FAKFAK,56,1544,1928,4552
PAPUA BARAT,KAIMANA,58,80,1335,3051
PAPUA BARAT,KOTA SORONG,3811,1341,3899,2923
PAPUA BARAT,MANOKWARI,635,314,5175,4622
PAPUA BARAT,MANOKWARI SELATAN,8,75,1199,2411
PAPUA BARAT,MAYBRAT,5,7,1522,2696
PAPUA BARAT,PEGUNUNGAN ARFAK,4,5,1216,5631
PAPUA BARAT,RAJA AMPAT,42,75,1795,2394
PAPUA BARAT,SORONG,429,10,926,6672
PAPUA BARAT,SORONG SELATAN,10,12,336,2980
PAPUA BARAT,TAMBRAUW,2,6,1155,1172
PAPUA BARAT,TELUK BINTUNI,228,6,1264,3470
PAPUA BARAT,TELUK WONDAMA,23,0,255,2288
PAPUA BARAT,TOTAL,3475,22005,44862,0
RIAU,BENGKALIS,4055,197,4062,20729
RIAU,INDRAGIRI HILIR,406,33,672,39223
RIAU,INDRAGIRI HULU,7447,1072,10754,14591
RIAU,KAMPAR,10304,1408,34006,11752
RIAU,KEPULAUAN MERANTI,353,25,889,22353
RIAU,KOTA DUMAI,8981,972,3232,2697
RIAU,KOTA PEKANBARU,14751,120,10655,1462
RIAU,KUANTAN SINGINGI,2962,150,9816,6742
RIAU,PELALAWAN,5559,90,5519,8979
RIAU,ROKAN HILIR,6030,369,9692,34404
RIAU,ROKAN HULU,4650,328,15329,9209
RIAU,S I A K,7679,193,5831,8347
RIAU,TOTAL,4957,110457,180488,0
SULAWESI BARAT,MAJENE,709,2510,10728,4157
SULAWESI BARAT,MAMASA,10,191,2524,17993
SULAWESI BARAT,MAMUJU,325,1220,8228,8805
SULAWESI BARAT,MAMUJU TENGAH,160,10,2011,4714
SULAWESI BARAT,MAMUJU UTARA,816,13,4799,4340
SULAWESI BARAT,POLEWALI MANDAR,669,2794,24110,15362
SULAWESI BARAT,TOTAL,6738,52400,55371,0
SULAWESI SELATAN,BANTAENG,191,3451,10596,2600
SULAWESI SELATAN,BARRU,623,1355,12102,2445
SULAWESI SELATAN,BONE,1394,3893,53664,21204
SULAWESI SELATAN,BULUKUMBA,2161,2678,20825,9869
SULAWESI SELATAN,ENREKANG,153,1173,9805,8688
SULAWESI SELATAN,GOWA,5079,1740,51487,11720
SULAWESI SELATAN,JENEPONTO,1964,6222,38171,5252
SULAWESI SELATAN,KEPULAUAN SELAYAR,665,1632,9585,1693
SULAWESI SELATAN,KOTA MAKASSAR,13350,28199,8012,955
SULAWESI SELATAN,KOTA PALOPO,469,2353,2672,1781
SULAWESI SELATAN,KOTA PAREPARE,1302,2581,3108,144
SULAWESI SELATAN,LUWU,814,454,17015,15414
SULAWESI SELATAN,LUWU TIMUR,768,433,8559,8753
SULAWESI SELATAN,LUWU UTARA,927,301,19768,10967
SULAWESI SELATAN,MAROS,2563,1553,13582,12790
SULAWESI SELATAN,PANGKAJENE DAN KEPULAUAN,2994,3358,15011,10724
SULAWESI SELATAN,PINRANG,1071,397,17499,4040
SULAWESI SELATAN,SIDENRENG RAPPANG,537,1565,17269,2059
SULAWESI SELATAN,SINJAI,158,1806,10679,8228
SULAWESI SELATAN,SOPPENG,196,1331,16545,3580
SULAWESI SELATAN,TAKALAR,1134,8531,19994,4479
SULAWESI SELATAN,TANA TORAJA,24,642,11587,12004
SULAWESI SELATAN,TORAJA UTARA,69,903,9193,13500
SULAWESI SELATAN,TOTAL,79141,412430,183394,0
SULAWESI SELATAN,WAJO,1087,2590,15702,10505
SULAWESI TENGAH,BANGGAI,948,2754,18560,12870
SULAWESI TENGAH,BANGGAI KEPULAUAN,156,1655,7864,2516
SULAWESI TENGAH,BANGGAI LAUT,25,591,2785,868
SULAWESI TENGAH,BUOL,571,1418,6064,5348
SULAWESI TENGAH,DONGGALA,336,2199,16860,12901
SULAWESI TENGAH,KOTA PALU,2064,1073,9057,1009
SULAWESI TENGAH,MOROWALI,399,133,6376,3104
SULAWESI TENGAH,MOROWALI UTARA,234,336,4877,4444
SULAWESI TENGAH,PARIGI MOUTONG,1322,1120,23535,18011
SULAWESI TENGAH,POSO,893,2973,13136,7235
SULAWESI TENGAH,SIGI,69,158,12863,8993
SULAWESI TENGAH,TOJO UNA-UNA,73,1896,8961,3423
SULAWESI TENGAH,TOLI-TOLI,302,2566,7214,9167
SULAWESI TENGAH,TOTAL,18872,138152,89889,0
SULAWESI TENGGARA,BOMBANA,637,1167,10578,4182
SULAWESI TENGGARA,BUTON,109,1309,6818,2230
SULAWESI TENGGARA,BUTON SELATAN,27,465,5237,3848
SULAWESI TENGGARA,BUTON TENGAH,157,6672,4130,2005
SULAWESI TENGGARA,BUTON UTARA,172,682,3831,2181
SULAWESI TENGGARA,KOLAKA,599,1039,7747,3712
SULAWESI TENGGARA,KOLAKA TIMUR,83,619,5909,3222
SULAWESI TENGGARA,KOLAKA UTARA,510,4007,7306,4823
SULAWESI TENGGARA,KONAWE,428,776,11170,8493
SULAWESI TENGGARA,KONAWE KEPULAUAN,4,163,4053,1180
SULAWESI TENGGARA,KONAWE SELATAN,103,268,15404,7503
SULAWESI TENGGARA,KONAWE UTARA,72,48,3564,1670
SULAWESI TENGGARA,KOTA BAUBAU,515,5891,5557,631
SULAWESI TENGGARA,KOTA KENDARI,1545,2373,11635,1936
SULAWESI TENGGARA,MUNA,156,2808,14944,7539
SULAWESI TENGGARA,MUNA BARAT,25,172,8401,3007
SULAWESI TENGGARA,TOTAL,29990,129895,59925,0
SULAWESI TENGGARA,WAKATOBI,108,1531,3611,1763
SULAWESI UTARA,BOLAANG MONGONDOW,1365,1640,12244,10543
SULAWESI UTARA,BOLAANG MONGONDOW SELATAN,226,302,2986,1620
SULAWESI UTARA,BOLAANG MONGONDOW TIMUR,274,831,2574,1353
SULAWESI UTARA,BOLAANG MONGONDOW UTARA,362,72,3233,3427
SULAWESI UTARA,KEPULAUAN SANGIHE,27,1041,5245,3346
SULAWESI UTARA,KEPULAUAN TALAUD,63,508,4227,2410
SULAWESI UTARA,KOTA BITUNG,3293,2257,6353,1182
SULAWESI UTARA,KOTA MANADO,9364,1588,5635,2724
SULAWESI UTARA,KOTA TOMOHON,967,1064,4374,1269
SULAWESI UTARA,KOTAMOBAGU,1298,1511,3342,1556
SULAWESI UTARA,MINAHASA,1430,1662,12921,4522
SULAWESI UTARA,MINAHASA SELATAN,1897,848,16917,5380
SULAWESI UTARA,MINAHASA TENGGARA,1593,737,5015,2157
SULAWESI UTARA,MINAHASA UTARA,2318,1190,9313,3585
SULAWESI UTARA,SIAU TAGULANDANG BIARO,24,120,1372,1330
SULAWESI UTARA,TOTAL,15371,95751,46404,0
SUMATERA BARAT,AGAM,1320,681,11087,8360
SUMATERA BARAT,DHARMASRAYA,559,247,2239,4000
SUMATERA BARAT,KEPULAUAN MENTAWAI,31,22,1626,6369
SUMATERA BARAT,KOTA BUKITTINGGI,1853,702,1033,293
SUMATERA BARAT,KOTA PADANG,11318,7242,19476,5069
SUMATERA BARAT,KOTA PADANG PANJANG,520,603,771,199
SUMATERA BARAT,KOTA PARIAMAN,1066,166,2755,527
SUMATERA BARAT,KOTA PAYAKUMBUH,2161,2581,1250,440
SUMATERA BARAT,KOTA SAWAH LUNTO,185,191,989,219
SUMATERA BARAT,KOTA SOLOK,962,1120,165,207
SUMATERA BARAT,LIMA PULUH KOTA,2705,912,12211,16321
SUMATERA BARAT,PADANG PARIAMAN,1956,1183,13694,11660
SUMATERA BARAT,PASAMAN,621,2470,7125,15270
SUMATERA BARAT,PASAMAN BARAT,5488,1824,13139,19580
SUMATERA BARAT,PESISIR SELATAN,5537,2987,15346,14131
SUMATERA BARAT,SIJUNJUNG,1231,1184,3071,6529
SUMATERA BARAT,SOLOK,1623,2894,12400,13129
SUMATERA BARAT,SOLOK SELATAN,186,1765,2290,5092
SUMATERA BARAT,TANAH DATAR,756,1644,11529,6052
SUMATERA BARAT,TOTAL,30418,132196,133447,0
SUMATERA SELATAN,BANYU ASIN,11175,4651,8267,58461
SUMATERA SELATAN,EMPAT LAWANG,214,132,4184,17841
SUMATERA SELATAN,KOTA LUBUKLINGGAU,297,1156,7600,2811
SUMATERA SELATAN,KOTA PAGAR ALAM,22,332,6818,2238
SUMATERA SELATAN,KOTA PALEMBANG,12357,58186,6685,13112
SUMATERA SELATAN,KOTA PRABUMULIH,553,325,7050,2922
SUMATERA SELATAN,LAHAT,482,1204,19293,16693
SUMATERA SELATAN,MUARA ENIM,1261,4058,29831,20552
SUMATERA SELATAN,MUSI BANYUASIN,3342,5966,14083,31353
SUMATERA SELATAN,MUSI RAWAS,699,890,20310,21024
SUMATERA SELATAN,MUSI RAWAS UTARA,396,344,6127,11423
SUMATERA SELATAN,OGAN ILIR,5189,2079,14938,23961
SUMATERA SELATAN,OGAN KOMERING ILIR,7530,1003,33454,30337
SUMATERA SELATAN,OGAN KOMERING ULU,913,1744,9414,12853
SUMATERA SELATAN,OGAN KOMERING ULU SELATAN,198,1485,14886,25182
SUMATERA SELATAN,OGAN KOMERING ULU TIMUR,144,266,21932,11884
SUMATERA SELATAN,PENUKAL ABAB LEMATANG ILIR,778,906,9427,6657
SUMATERA SELATAN,TOTAL,84727,234299,309304,0
SUMATERA UTARA,ASAHAN,8679,2902,18077,3973
SUMATERA UTARA,BATU BARA,3199,6645,30853,2395
SUMATERA UTARA,DAIRI,36,1325,7531,8429
SUMATERA UTARA,DELI SERDANG,24088,3362,61819,20905
SUMATERA UTARA,HUMBANG HASUNDUTAN,9,311,5259,7589
SUMATERA UTARA,KARO,344,4630,15674,3542
SUMATERA UTARA,KOTA BINJAI,5437,517,8486,1419
SUMATERA UTARA,KOTA GUNUNGSITOLI,202,659,3568,9611
SUMATERA UTARA,KOTA MEDAN,46641,30607,31593,1307
SUMATERA UTARA,KOTA PADANGSIDIMPUAN,1059,810,1743,6849
SUMATERA UTARA,KOTA PEMATANG SIANTAR,1179,13207,3088,288
SUMATERA UTARA,KOTA SIBOLGA,646,3408,825,529
SUMATERA UTARA,KOTA TANJUNG BALAI,6469,5736,701,1394
SUMATERA UTARA,KOTA TEBING TINGGI,2709,1255,6436,314
SUMATERA UTARA,LABUHAN BATU,1933,303,5193,15815
SUMATERA UTARA,LABUHAN BATU SELATAN,1032,65,2630,5329
SUMATERA UTARA,LABUHAN BATU UTARA,1521,475,8069,9397
SUMATERA UTARA,LANGKAT,9747,5079,53597,28513
SUMATERA UTARA,MANDAILING NATAL,398,128,15519,15517
SUMATERA UTARA,NIAS,51,96,1772,19084
SUMATERA UTARA,NIAS BARAT,34,24,1797,11940
SUMATERA UTARA,NIAS SELATAN,215,207,6475,37181
SUMATERA UTARA,NIAS UTARA,106,231,2039,20670
SUMATERA UTARA,PADANG LAWAS,148,0,9294,7363
SUMATERA UTARA,PADANG LAWAS UTARA,107,20,3545,7545
SUMATERA UTARA,PAKPAK BHARAT,2,36,976,1322
SUMATERA UTARA,SAMOSIR,12,178,1544,5003
SUMATERA UTARA,SERDANG BEDAGAI,3002,606,28005,4449
SUMATERA UTARA,SIMALUNGUN,490,8541,27102,6477
SUMATERA UTARA,TAPANULI SELATAN,106,340,8012,11616
SUMATERA UTARA,TAPANULI TENGAH,684,2011,9814,17178
SUMATERA UTARA,TAPANULI UTARA,4,1431,15413,9190
SUMATERA UTARA,TOBA SAMOSIR,84,240,5378,2724
SUMATERA UTARA,TOTAL,95385,401827,304857,0
