Provinsi,NamaKab/Kota,KodeKab/Kota,Jumlah Anak yang Bersekolah,Jumlah Anak yang Tidak Bersekolah
ACEH,ACEH BARAT,1107,16550,2867
ACEH,ACEH BARAT DAYA,1112,18151,3445
ACEH,ACEH BESAR,1108,37828,5580
ACEH,ACEH JAYA,1116,7688,1170
ACEH,ACEH SELATAN,1103,27316,4920
ACEH,ACEH SINGKIL,1102,16244,3180
ACEH,ACEH TAMIANG,1114,27536,5063
ACEH,ACEH TENGAH,1106,17305,3012
ACEH,ACEH TENGGARA,1104,24109,3553
ACEH,ACEH TIMUR,1105,52368,12620
ACEH,ACEH UTARA,1111,82016,16361
ACEH,BENER MERIAH,1117,11118,1821
ACEH,BIREUEN,1110,52548,9935
ACEH,GAYO LUES,1113,9469,1889
ACEH,KOTA BANDA ACEH,1171,8903,943
ACEH,KOTA LANGSA,1173,13186,2155
ACEH,KOTA LHOKSEUMAWE,1174,16410,2129
ACEH,KOTA SABANG,1172,2305,305
ACEH,KOTA SUBULUSSALAM,1175,11761,1666
ACEH,NAGAN RAYA,1115,15293,3035
ACEH,PIDIE,1109,55385,9182
ACEH,PIDIE JAYA,1118,20130,3025
ACEH,SIMEULUE,1101,12803,1534
BALI,BADUNG,5103,11199,1266
BALI,BANGLI,5106,11718,3925
BALI,BULELENG,5108,45372,13510
BALI,GIANYAR,5104,18424,2926
BALI,JEMBRANA,5101,11763,2536
BALI,KARANG ASEM,5107,27178,9442
BALI,KLUNGKUNG,5105,7386,1328
BALI,KOTA DENPASAR,5171,5314,769
BALI,TABANAN,5102,19164,3144
BANTEN,KOTA CILEGON,3672,13743,3186
BANTEN,KOTA SERANG,3673,21953,11085
BANTEN,KOTA TANGERANG,3671,56848,12739
BANTEN,KOTA TANGERANG SELATAN,3674,22923,5379
BANTEN,LEBAK,3602,91368,43869
BANTEN,PANDEGLANG,3601,114663,45043
BANTEN,SERANG,3604,69095,23593
BANTEN,TANGERANG,3603,163041,59894
BENGKULU,BENGKULU SELATAN,1701,10638,1749
BENGKULU,BENGKULU TENGAH,1709,9278,2953
BENGKULU,BENGKULU UTARA,1703,18989,5268
BENGKULU,KAUR,1704,11845,1796
BENGKULU,KEPAHIANG,1708,8135,2238
BENGKULU,KOTA BENGKULU,1771,19924,3435
BENGKULU,LEBONG,1707,8474,1988
BENGKULU,MUKOMUKO,1706,12072,2724
BENGKULU,REJANG LEBONG,1702,18845,5422
BENGKULU,SELUMA,1705,15992,3767
DI YOGYAKARTA,BANTUL,3402,52162,9045
DI YOGYAKARTA,GUNUNG KIDUL,3403,46355,11179
DI YOGYAKARTA,KOTA YOGYAKARTA,3471,16094,2271
DI YOGYAKARTA,KULON PROGO,3401,22281,3472
DI YOGYAKARTA,SLEMAN,3404,56284,9250
DKI JAKARTA,KEPULAUAN SERIBU,3101,1638,314
DKI JAKARTA,KOTA JAKARTA BARAT,3174,45163,12116
DKI JAKARTA,KOTA JAKARTA PUSAT,3173,26210,6799
DKI JAKARTA,KOTA JAKARTA SELATAN,3171,35037,6982
DKI JAKARTA,KOTA JAKARTA TIMUR,3172,57517,13113
DKI JAKARTA,KOTA JAKARTA UTARA,3175,60303,15091
GORONTALO,BOALEMO,7501,14431,4713
GORONTALO,BONE BOLANGO,7504,15459,3590
GORONTALO,GORONTALO,7502,42178,14116
GORONTALO,GORONTALO UTARA,7505,12992,3611
GORONTALO,KOTA GORONTALO,7571,14640,2666
GORONTALO,POHUWATO,7503,12621,3842
JAMBI,BATANG HARI,1504,17551,4985
JAMBI,BUNGO,1509,15815,4670
JAMBI,KERINCI,1501,17407,3326
JAMBI,KOTA JAMBI,1571,30697,5380
JAMBI,KOTA SUNGAI PENUH,1572,4681,786
JAMBI,MERANGIN,1502,17286,6565
JAMBI,MUARO JAMBI,1505,17090,4396
JAMBI,SAROLANGUN,1503,19137,5386
JAMBI,TANJUNG JABUNG BARAT,1507,21245,5511
JAMBI,TANJUNG JABUNG TIMUR,1506,12798,3893
JAMBI,TEBO,1508,15155,4733
JAWA BARAT,BANDUNG,3204,251184,86362
JAWA BARAT,BANDUNG BARAT,3217,100105,36178
JAWA BARAT,BEKASI,3216,108363,34441
JAWA BARAT,BOGOR,3201,249557,111978
JAWA BARAT,CIAMIS,3207,80792,26191
JAWA BARAT,CIANJUR,3203,190467,80378
JAWA BARAT,CIREBON,3209,179272,61304
JAWA BARAT,GARUT,3205,270618,90282
JAWA BARAT,INDRAMAYU,3212,128354,46956
JAWA BARAT,KARAWANG,3215,133710,53203
JAWA BARAT,KOTA BANDUNG,3273,93196,20595
JAWA BARAT,KOTA BANJAR,3279,7467,1989
JAWA BARAT,KOTA BEKASI,3275,79417,14346
JAWA BARAT,KOTA BOGOR,3271,57867,14863
JAWA BARAT,KOTA CIMAHI,3277,21797,5196
JAWA BARAT,KOTA CIREBON,3274,20781,6097
JAWA BARAT,KOTA DEPOK,3276,60287,12517
JAWA BARAT,KOTA SUKABUMI,3272,18465,4800
JAWA BARAT,KOTA TASIKMALAYA,3278,52629,13908
JAWA BARAT,KUNINGAN,3208,72053,23901
JAWA BARAT,MAJALENGKA,3210,75267,25638
JAWA BARAT,PANGANDARAN,3218,20417,7289
JAWA BARAT,PURWAKARTA,3214,42760,19278
JAWA BARAT,SUBANG,3213,86621,29489
JAWA BARAT,SUKABUMI,3202,191292,66625
JAWA BARAT,SUMEDANG,3211,50268,16010
JAWA BARAT,TASIKMALAYA,3206,136705,48785
JAWA TENGAH,BANJARNEGARA,3304,58970,24005
JAWA TENGAH,BANYUMAS,3302,142079,35816
JAWA TENGAH,BATANG,3325,46719,17275
JAWA TENGAH,BLORA,3316,55391,14531
JAWA TENGAH,BOYOLALI,3309,53306,11828
JAWA TENGAH,BREBES,3329,178095,70572
JAWA TENGAH,CILACAP,3301,136061,34300
JAWA TENGAH,DEMAK,3321,98825,21801
JAWA TENGAH,GROBOGAN,3315,97264,29298
JAWA TENGAH,JEPARA,3320,93037,23974
JAWA TENGAH,KARANGANYAR,3313,45715,9762
JAWA TENGAH,KEBUMEN,3305,118127,23078
JAWA TENGAH,KENDAL,3324,52243,14849
JAWA TENGAH,KLATEN,3310,95739,15478
JAWA TENGAH,KOTA MAGELANG,3371,5951,1393
JAWA TENGAH,KOTA PEKALONGAN,3375,22290,6633
JAWA TENGAH,KOTA SALATIGA,3373,6185,1003
JAWA TENGAH,KOTA SEMARANG,3374,52273,10463
JAWA TENGAH,KOTA SURAKARTA,3372,28105,4350
JAWA TENGAH,KOTA TEGAL,3376,16501,4661
JAWA TENGAH,KUDUS,3319,36892,10612
JAWA TENGAH,MAGELANG,3308,96690,27889
JAWA TENGAH,PATI,3318,85359,21934
JAWA TENGAH,PEKALONGAN,3326,80643,29902
JAWA TENGAH,PEMALANG,3327,127127,44831
JAWA TENGAH,PURBALINGGA,3303,81955,25376
JAWA TENGAH,PURWOREJO,3306,49561,10165
JAWA TENGAH,REMBANG,3317,51622,12849
JAWA TENGAH,SEMARANG,3322,42378,10918
JAWA TENGAH,SRAGEN,3314,44073,9344
JAWA TENGAH,SUKOHARJO,3311,47859,9010
JAWA TENGAH,TEGAL,3328,122946,42899
JAWA TENGAH,TEMANGGUNG,3323,46593,15101
JAWA TENGAH,WONOGIRI,3312,44551,12368
JAWA TENGAH,WONOSOBO,3307,46109,19374
JAWA TIMUR,BANGKALAN,3526,72182,34205
JAWA TIMUR,BANYUWANGI,3510,80766,22608
JAWA TIMUR,BLITAR,3505,50865,14563
JAWA TIMUR,BOJONEGORO,3522,85059,20092
JAWA TIMUR,BONDOWOSO,3511,66776,17647
JAWA TIMUR,GRESIK,3525,65720,11762
JAWA TIMUR,JEMBER,3509,143127,53190
JAWA TIMUR,JOMBANG,3517,89791,18799
JAWA TIMUR,KEDIRI,3506,81944,21097
JAWA TIMUR,KOTA BATU,3579,7056,1553
JAWA TIMUR,KOTA BLITAR,3572,4865,838
JAWA TIMUR,KOTA KEDIRI,3571,12704,2053
JAWA TIMUR,KOTA MADIUN,3577,4402,770
JAWA TIMUR,KOTA MALANG,3573,20050,5276
JAWA TIMUR,KOTA MOJOKERTO,3576,4598,731
JAWA TIMUR,KOTA PASURUAN,3575,9999,2400
JAWA TIMUR,KOTA PROBOLINGGO,3574,11852,2676
JAWA TIMUR,KOTA SURABAYA,3578,99066,19764
JAWA TIMUR,LAMONGAN,3524,70903,14333
JAWA TIMUR,LUMAJANG,3508,59275,24178
JAWA TIMUR,MADIUN,3519,30722,6693
JAWA TIMUR,MAGETAN,3520,28952,5363
JAWA TIMUR,MALANG,3507,102985,37291
JAWA TIMUR,MOJOKERTO,3516,52302,11085
JAWA TIMUR,NGANJUK,3518,78564,18155
JAWA TIMUR,NGAWI,3521,58931,12932
JAWA TIMUR,PACITAN,3501,22249,7476
JAWA TIMUR,PAMEKASAN,3528,80777,20504
JAWA TIMUR,PASURUAN,3514,95143,37310
JAWA TIMUR,PONOROGO,3502,46827,11328
JAWA TIMUR,PROBOLINGGO,3513,89756,31124
JAWA TIMUR,SAMPANG,3527,99294,36016
JAWA TIMUR,SIDOARJO,3515,73438,12412
JAWA TIMUR,SITUBONDO,3512,37692,10449
JAWA TIMUR,SUMENEP,3529,79611,19145
JAWA TIMUR,TRENGGALEK,3503,37034,11052
JAWA TIMUR,TUBAN,3523,64879,20550
JAWA TIMUR,TULUNGAGUNG,3504,45015,11711
KALIMANTAN BARAT,BENGKAYANG,6102,21068,5618
KALIMANTAN BARAT,KAPUAS HULU,6108,22353,6296
KALIMANTAN BARAT,KAYONG UTARA,6111,10120,2762
KALIMANTAN BARAT,KETAPANG,6106,26452,10205
KALIMANTAN BARAT,KOTA PONTIANAK,6171,21025,5147
KALIMANTAN BARAT,KOTA SINGKAWANG,6172,13712,4037
KALIMANTAN BARAT,KUBU RAYA,6112,46675,15067
KALIMANTAN BARAT,LANDAK,6103,48450,11095
KALIMANTAN BARAT,MELAWI,6110,12253,5328
KALIMANTAN BARAT,MEMPAWAH,6104,24491,7011
KALIMANTAN BARAT,SAMBAS,6101,32900,10528
KALIMANTAN BARAT,SANGGAU,6105,23875,8232
KALIMANTAN BARAT,SEKADAU,6109,11070,4155
KALIMANTAN BARAT,SINTANG,6107,32152,12311
KALIMANTAN SELATAN,BALANGAN,6311,6042,1809
KALIMANTAN SELATAN,BANJAR,6303,17388,7586
KALIMANTAN SELATAN,BARITO KUALA,6304,15992,4263
KALIMANTAN SELATAN,HULU SUNGAI SELATAN,6306,12502,4284
KALIMANTAN SELATAN,HULU SUNGAI TENGAH,6307,15074,4711
KALIMANTAN SELATAN,HULU SUNGAI UTARA,6308,16570,5128
KALIMANTAN SELATAN,KOTA BANJAR BARU,6372,8295,1690
KALIMANTAN SELATAN,KOTA BANJARMASIN,6371,27680,6616
KALIMANTAN SELATAN,KOTA BARU,6302,12719,4885
KALIMANTAN SELATAN,TABALONG,6309,11583,3008
KALIMANTAN SELATAN,TANAH BUMBU,6310,11995,2976
KALIMANTAN SELATAN,TANAH LAUT,6301,12074,3621
KALIMANTAN SELATAN,TAPIN,6305,4491,2035
KALIMANTAN TENGAH,BARITO SELATAN,6204,5512,1346
KALIMANTAN TENGAH,BARITO TIMUR,6212,3573,866
KALIMANTAN TENGAH,BARITO UTARA,6205,4627,1472
KALIMANTAN TENGAH,GUNUNG MAS,6211,2017,768
KALIMANTAN TENGAH,KAPUAS,6203,24460,8645
KALIMANTAN TENGAH,KATINGAN,6209,6621,2051
KALIMANTAN TENGAH,KOTA PALANGKA RAYA,6271,8518,1810
KALIMANTAN TENGAH,KOTAWARINGIN BARAT,6201,6017,2111
KALIMANTAN TENGAH,KOTAWARINGIN TIMUR,6202,21359,7149
KALIMANTAN TENGAH,LAMANDAU,6207,2107,589
KALIMANTAN TENGAH,MURUNG RAYA,6213,6898,2338
KALIMANTAN TENGAH,PULANG PISAU,6210,8755,2549
KALIMANTAN TENGAH,SERUYAN,6208,4312,1398
KALIMANTAN TENGAH,SUKAMARA,6206,1663,680
KALIMANTAN TIMUR,BERAU,6405,6697,1639
KALIMANTAN TIMUR,KOTA BALIKPAPAN,6471,23038,4662
KALIMANTAN TIMUR,KOTA BONTANG,6474,8536,2031
KALIMANTAN TIMUR,KOTA SAMARINDA,6472,23539,4843
KALIMANTAN TIMUR,KUTAI BARAT,6402,8800,2095
KALIMANTAN TIMUR,KUTAI KARTANEGARA,6403,26717,6394
KALIMANTAN TIMUR,KUTAI TIMUR,6404,18653,4146
KALIMANTAN TIMUR,MAHAKAM HULU,6411,1945,467
KALIMANTAN TIMUR,PASER,6401,15971,4494
KALIMANTAN TIMUR,PENAJAM PASER UTARA,6409,10806,2354
KALIMANTAN UTARA,BULUNGAN,6502,4723,1467
KALIMANTAN UTARA,KOTA TARAKAN,6571,11525,3021
KALIMANTAN UTARA,MALINAU,6501,4903,1311
KALIMANTAN UTARA,NUNUKAN,6504,15542,3967
KALIMANTAN UTARA,TANA TIDUNG,6503,738,218
KEPULAUAN BANGKA BELITUNG,BANGKA,1901,10262,2970
KEPULAUAN BANGKA BELITUNG,BANGKA BARAT,1903,5237,2297
KEPULAUAN BANGKA BELITUNG,BANGKA SELATAN,1905,4761,2190
KEPULAUAN BANGKA BELITUNG,BANGKA TENGAH,1904,7042,2410
KEPULAUAN BANGKA BELITUNG,BELITUNG,1902,4906,1694
KEPULAUAN BANGKA BELITUNG,BELITUNG TIMUR,1906,3915,1221
KEPULAUAN BANGKA BELITUNG,KOTA PANGKAL PINANG,1971,6195,1684
KEPULAUAN RIAU,BINTAN,2102,7022,1455
KEPULAUAN RIAU,KARIMUN,2101,10583,3029
KEPULAUAN RIAU,KEPULAUAN ANAMBAS,2105,1086,285
KEPULAUAN RIAU,KOTA BATAM,2171,43143,6661
KEPULAUAN RIAU,KOTA TANJUNG PINANG,2172,9560,1466
KEPULAUAN RIAU,LINGGA,2104,4515,1526
KEPULAUAN RIAU,NATUNA,2103,2777,526
LAMPUNG,KOTA BANDAR LAMPUNG,1871,72427,14511
LAMPUNG,KOTA METRO,1872,6754,1347
LAMPUNG,LAMPUNG BARAT,1801,24399,6428
LAMPUNG,LAMPUNG SELATAN,1803,97485,26218
LAMPUNG,LAMPUNG TENGAH,1805,78103,24525
LAMPUNG,LAMPUNG TIMUR,1804,72598,20452
LAMPUNG,LAMPUNG UTARA,1806,59587,15752
LAMPUNG,MESUJI,1811,13886,5024
LAMPUNG,PESAWARAN,1809,45700,12852
LAMPUNG,PESISIR BARAT,1813,19012,3894
LAMPUNG,PRINGSEWU,1810,27302,7706
LAMPUNG,TANGGAMUS,1802,54168,15812
LAMPUNG,TULANG BAWANG BARAT,1812,14983,5219
LAMPUNG,TULANGBAWANG,1808,30391,9844
LAMPUNG,WAY KANAN,1807,35025,9547
MALUKU,BURU,8104,12549,3504
MALUKU,BURU SELATAN,8109,9477,1984
MALUKU,KEPULAUAN ARU,8105,10296,2775
MALUKU,KOTA AMBON,8171,24274,3598
MALUKU,KOTA TUAL,8172,7464,956
MALUKU,MALUKU BARAT DAYA,8108,13287,2579
MALUKU,MALUKU TENGAH,8103,52916,7642
MALUKU,MALUKU TENGGARA,8102,13391,2395
MALUKU,MALUKU TENGGARA BARAT,8101,17963,2923
MALUKU,SERAM BAGIAN BARAT,8106,32145,5562
MALUKU,SERAM BAGIAN TIMUR,8107,14422,2823
MALUKU UTARA,HALMAHERA BARAT,8201,9786,1394
MALUKU UTARA,HALMAHERA SELATAN,8204,15517,3614
MALUKU UTARA,HALMAHERA TENGAH,8202,6257,1167
MALUKU UTARA,HALMAHERA TIMUR,8206,7102,1721
MALUKU UTARA,HALMAHERA UTARA,8205,9179,3187
MALUKU UTARA,KEPULAUAN SULA,8203,6845,1335
MALUKU UTARA,KOTA TERNATE,8271,4228,764
MALUKU UTARA,KOTA TIDORE KEPULAUAN,8272,6759,1175
MALUKU UTARA,PULAU MOROTAI,8207,5371,1479
MALUKU UTARA,PULAU TALIABU,8208,2973,1124
NUSA TENGGARA BARAT,BIMA,5206,60016,8976
NUSA TENGGARA BARAT,DOMPU,5205,30564,4535
NUSA TENGGARA BARAT,KOTA BIMA,5272,14517,2052
NUSA TENGGARA BARAT,KOTA MATARAM,5271,29365,7255
NUSA TENGGARA BARAT,LOMBOK BARAT,5201,73407,17278
NUSA TENGGARA BARAT,LOMBOK TENGAH,5202,104718,23899
NUSA TENGGARA BARAT,LOMBOK TIMUR,5203,157271,31676
NUSA TENGGARA BARAT,LOMBOK UTARA,5208,26495,7247
NUSA TENGGARA BARAT,SUMBAWA,5204,33931,8432
NUSA TENGGARA BARAT,SUMBAWA BARAT,5207,12170,2485
NUSA TENGGARA TIMUR,ALOR,5307,31854,6825
NUSA TENGGARA TIMUR,BELU,5306,26218,6064
NUSA TENGGARA TIMUR,ENDE,5311,32112,5987
NUSA TENGGARA TIMUR,FLORES TIMUR,5309,28905,6153
NUSA TENGGARA TIMUR,KOTA KUPANG,5371,26621,3085
NUSA TENGGARA TIMUR,KUPANG,5303,51778,9647
NUSA TENGGARA TIMUR,LEMBATA,5308,16767,3283
NUSA TENGGARA TIMUR,MALAKA,5321,30523,6480
NUSA TENGGARA TIMUR,MANGGARAI,5313,55810,9952
NUSA TENGGARA TIMUR,MANGGARAI BARAT,5315,48005,7534
NUSA TENGGARA TIMUR,MANGGARAI TIMUR,5319,54288,11654
NUSA TENGGARA TIMUR,NAGEKEO,5318,15627,3141
NUSA TENGGARA TIMUR,NGADA,5312,16248,3074
NUSA TENGGARA TIMUR,ROTE NDAO,5314,21469,4091
NUSA TENGGARA TIMUR,SABU RAIJUA,5320,18294,3004
NUSA TENGGARA TIMUR,SIKKA,5310,38946,9581
NUSA TENGGARA TIMUR,SUMBA BARAT,5301,27371,3678
NUSA TENGGARA TIMUR,SUMBA BARAT DAYA,5317,84011,14755
NUSA TENGGARA TIMUR,SUMBA TENGAH,5316,15581,1797
NUSA TENGGARA TIMUR,SUMBA TIMUR,5302,36374,6489
NUSA TENGGARA TIMUR,TIMOR TENGAH SELATAN,5304,86019,16759
NUSA TENGGARA TIMUR,TIMOR TENGAH UTARA,5305,35670,7021
PAPUA,ASMAT,9415,6929,6683
PAPUA,BIAK NUMFOR,9409,15727,2225
PAPUA,BOVEN DIGOEL,9413,5294,2192
PAPUA,DEIYAI,9436,2894,1283
PAPUA,DOGIYAI,9434,1871,1201
PAPUA,INTAN JAYA,9435,105,81
PAPUA,JAYAPURA,9403,10339,3057
PAPUA,JAYAWIJAYA,9402,4480,2206
PAPUA,KEEROM,9420,5135,1072
PAPUA,KEPULAUAN YAPEN,9408,6716,2070
PAPUA,KOTA JAYAPURA,9471,15706,3253
PAPUA,LANNY JAYA,9430,1638,4005
PAPUA,MAMBERAMO RAYA,9428,890,407
PAPUA,MAMBERAMO TENGAH,9431,231,557
PAPUA,MAPPI,9414,9887,6989
PAPUA,MERAUKE,9401,14755,3469
PAPUA,MIMIKA,9412,11796,4609
PAPUA,NABIRE,9404,6261,2369
PAPUA,NDUGA,9429,0,0
PAPUA,PANIAI,9410,6667,1371
PAPUA,PEGUNUNGAN BINTANG,9417,4771,10412
PAPUA,PUNCAK,9433,552,5125
PAPUA,PUNCAK JAYA,9411,2057,5111
PAPUA,SARMI,9419,2246,625
PAPUA,SUPIORI,9427,2915,431
PAPUA,TOLIKARA,9418,1260,1574
PAPUA,WAROPEN,9426,1604,367
PAPUA,YAHUKIMO,9416,2163,6614
PAPUA,YALIMO,9432,2241,8223
PAPUA BARAT,FAKFAK,9101,9615,1563
PAPUA BARAT,KAIMANA,9102,5097,1874
PAPUA BARAT,KOTA SORONG,9171,15342,3547
PAPUA BARAT,MANOKWARI,9105,9700,3422
PAPUA BARAT,MANOKWARI SELATAN,9111,2971,1607
PAPUA BARAT,MAYBRAT,9110,3488,736
PAPUA BARAT,PEGUNUNGAN ARFAK,9112,3169,2965
PAPUA BARAT,RAJA AMPAT,9108,7005,1239
PAPUA BARAT,SORONG,9107,8759,1795
PAPUA BARAT,SORONG SELATAN,9106,5438,1315
PAPUA BARAT,TAMBRAUW,9109,2651,869
PAPUA BARAT,TELUK BINTUNI,9104,6418,1660
PAPUA BARAT,TELUK WONDAMA,9103,3360,1015
RIAU,BENGKALIS,1408,26733,7244
RIAU,INDRAGIRI HILIR,1403,35530,13431
RIAU,INDRAGIRI HULU,1402,30767,8672
RIAU,KAMPAR,1406,59516,10386
RIAU,KEPULAUAN MERANTI,1410,22096,5764
RIAU,KOTA DUMAI,1473,18269,3505
RIAU,KOTA PEKANBARU,1471,34028,5160
RIAU,KUANTAN SINGINGI,1401,16485,3528
RIAU,PELALAWAN,1404,19017,4799
RIAU,ROKAN HILIR,1409,54812,12060
RIAU,ROKAN HULU,1407,25262,7256
RIAU,S I A K,1405,22140,4488
SULAWESI BARAT,MAJENE,7601,23988,6023
SULAWESI BARAT,MAMASA,7603,24050,6316
SULAWESI BARAT,MAMUJU,7604,20890,6512
SULAWESI BARAT,MAMUJU TENGAH,7606,7706,2169
SULAWESI BARAT,MAMUJU UTARA,7605,11820,3486
SULAWESI BARAT,POLEWALI MANDAR,7602,45666,13554
SULAWESI SELATAN,BANTAENG,7303,11364,6342
SULAWESI SELATAN,BARRU,7310,13403,3409
SULAWESI SELATAN,BONE,7311,62940,20835
SULAWESI SELATAN,BULUKUMBA,7302,25502,9093
SULAWESI SELATAN,ENREKANG,7316,23539,4016
SULAWESI SELATAN,GOWA,7306,60311,15914
SULAWESI SELATAN,JENEPONTO,7304,40913,14299
SULAWESI SELATAN,KEPULAUAN SELAYAR,7301,11551,2636
SULAWESI SELATAN,KOTA MAKASSAR,7371,56926,15316
SULAWESI SELATAN,KOTA PALOPO,7373,10431,2301
SULAWESI SELATAN,KOTA PAREPARE,7372,7928,1811
SULAWESI SELATAN,LUWU,7317,40825,9081
SULAWESI SELATAN,LUWU TIMUR,7325,19625,4250
SULAWESI SELATAN,LUWU UTARA,7322,33496,7900
SULAWESI SELATAN,MAROS,7308,28613,8524
SULAWESI SELATAN,PANGKAJENE DAN KEPULAUAN,7309,30231,9940
SULAWESI SELATAN,PINRANG,7315,21062,5985
SULAWESI SELATAN,SIDENRENG RAPPANG,7314,16973,5364
SULAWESI SELATAN,SINJAI,7307,19267,5167
SULAWESI SELATAN,SOPPENG,7312,14279,4597
SULAWESI SELATAN,TAKALAR,7305,29999,8421
SULAWESI SELATAN,TANA TORAJA,7318,31142,5660
SULAWESI SELATAN,TORAJA UTARA,7326,33830,5791
SULAWESI SELATAN,WAJO,7313,18634,9301
SULAWESI TENGAH,BANGGAI,7202,29541,6993
SULAWESI TENGAH,BANGGAI KEPULAUAN,7201,11407,3176
SULAWESI TENGAH,BANGGAI LAUT,7211,4116,1047
SULAWESI TENGAH,BUOL,7207,17554,4147
SULAWESI TENGAH,DONGGALA,7205,35742,10379
SULAWESI TENGAH,KOTA PALU,7271,14556,3189
SULAWESI TENGAH,MOROWALI,7203,9114,2143
SULAWESI TENGAH,MOROWALI UTARA,7212,9059,2488
SULAWESI TENGAH,PARIGI MOUTONG,7208,43307,16367
SULAWESI TENGAH,POSO,7204,22938,4115
SULAWESI TENGAH,SIGI,7210,21155,7063
SULAWESI TENGAH,TOJO UNA-UNA,7209,16333,4898
SULAWESI TENGAH,TOLI-TOLI,7206,19500,6916
SULAWESI TENGGARA,BOMBANA,7406,16295,4721
SULAWESI TENGGARA,BUTON,7401,13893,3103
SULAWESI TENGGARA,BUTON SELATAN,7415,14576,2525
SULAWESI TENGGARA,BUTON TENGAH,7414,15392,3239
SULAWESI TENGGARA,BUTON UTARA,7409,8467,1368
SULAWESI TENGGARA,KOLAKA,7404,15203,3839
SULAWESI TENGGARA,KOLAKA TIMUR,7411,9577,2243
SULAWESI TENGGARA,KOLAKA UTARA,7408,16714,4308
SULAWESI TENGGARA,KONAWE,7403,22710,5648
SULAWESI TENGGARA,KONAWE KEPULAUAN,7412,6065,1194
SULAWESI TENGGARA,KONAWE SELATAN,7405,26001,6260
SULAWESI TENGGARA,KONAWE UTARA,7410,7539,1539
SULAWESI TENGGARA,KOTA BAUBAU,7472,15426,2611
SULAWESI TENGGARA,KOTA KENDARI,7471,21763,3794
SULAWESI TENGGARA,MUNA,7402,30504,5643
SULAWESI TENGGARA,MUNA BARAT,7413,12707,2802
SULAWESI TENGGARA,WAKATOBI,7407,9901,1889
SULAWESI UTARA,BOLAANG MONGONDOW,7101,23970,5738
SULAWESI UTARA,BOLAANG MONGONDOW SELATAN,7110,6593,1403
SULAWESI UTARA,BOLAANG MONGONDOW TIMUR,7111,4680,1118
SULAWESI UTARA,BOLAANG MONGONDOW UTARA,7107,7415,1322
SULAWESI UTARA,KEPULAUAN SANGIHE,7103,8172,2510
SULAWESI UTARA,KEPULAUAN TALAUD,7104,8572,1398
SULAWESI UTARA,KOTA BITUNG,7172,12228,2693
SULAWESI UTARA,KOTA MANADO,7171,18293,3874
SULAWESI UTARA,KOTA TOMOHON,7173,6557,1041
SULAWESI UTARA,KOTAMOBAGU,7174,7584,1571
SULAWESI UTARA,MINAHASA,7102,21120,3817
SULAWESI UTARA,MINAHASA SELATAN,7105,23334,4075
SULAWESI UTARA,MINAHASA TENGGARA,7109,8976,1783
SULAWESI UTARA,MINAHASA UTARA,7106,15912,3577
SULAWESI UTARA,SIAU TAGULANDANG BIARO,7108,2360,539
SUMATERA BARAT,AGAM,1307,26543,4772
SUMATERA BARAT,DHARMASRAYA,1311,7112,2210
SUMATERA BARAT,KEPULAUAN MENTAWAI,1301,11204,4209
SUMATERA BARAT,KOTA BUKITTINGGI,1375,4764,731
SUMATERA BARAT,KOTA PADANG,1371,53177,8711
SUMATERA BARAT,KOTA PADANG PANJANG,1374,2336,438
SUMATERA BARAT,KOTA PARIAMAN,1377,6429,796
SUMATERA BARAT,KOTA PAYAKUMBUH,1376,8013,1124
SUMATERA BARAT,KOTA SAWAH LUNTO,1373,1610,344
SUMATERA BARAT,KOTA SOLOK,1372,3333,521
SUMATERA BARAT,LIMA PULUH KOTA,1308,30540,5967
SUMATERA BARAT,PADANG PARIAMAN,1306,36901,6299
SUMATERA BARAT,PASAMAN,1309,30968,7194
SUMATERA BARAT,PASAMAN BARAT,1312,42602,9398
SUMATERA BARAT,PESISIR SELATAN,1302,49455,8151
SUMATERA BARAT,SIJUNJUNG,1304,12903,3355
SUMATERA BARAT,SOLOK,1303,37100,7767
SUMATERA BARAT,SOLOK SELATAN,1310,12856,2393
SUMATERA BARAT,TANAH DATAR,1305,24023,4143
SUMATERA SELATAN,BANYU ASIN,1607,66342,23949
SUMATERA SELATAN,EMPAT LAWANG,1611,18994,4520
SUMATERA SELATAN,KOTA LUBUKLINGGAU,1674,11296,2902
SUMATERA SELATAN,KOTA PAGAR ALAM,1673,8020,1752
SUMATERA SELATAN,KOTA PALEMBANG,1671,89135,18368
SUMATERA SELATAN,KOTA PRABUMULIH,1672,9807,2192
SUMATERA SELATAN,LAHAT,1604,34270,6273
SUMATERA SELATAN,MUARA ENIM,1603,49443,12699
SUMATERA SELATAN,MUSI BANYUASIN,1606,42462,11011
SUMATERA SELATAN,MUSI RAWAS,1605,30363,8824
SUMATERA SELATAN,MUSI RAWAS UTARA,1613,14186,4033
SUMATERA SELATAN,OGAN ILIR,1610,37194,11192
SUMATERA SELATAN,OGAN KOMERING ILIR,1602,55140,19446
SUMATERA SELATAN,OGAN KOMERING ULU,1601,19776,5553
SUMATERA SELATAN,OGAN KOMERING ULU SELATAN,1608,35161,8123
SUMATERA SELATAN,OGAN KOMERING ULU TIMUR,1609,29835,7788
SUMATERA SELATAN,PENUKAL ABAB LEMATANG ILIR,1612,17089,5273
SUMATERA UTARA,ASAHAN,1208,39778,9396
SUMATERA UTARA,BATU BARA,1219,44944,10061
SUMATERA UTARA,DAIRI,1210,28783,3008
SUMATERA UTARA,DELI SERDANG,1212,91900,18742
SUMATERA UTARA,HUMBANG HASUNDUTAN,1215,21356,1520
SUMATERA UTARA,KARO,1211,31082,4757
SUMATERA UTARA,KOTA BINJAI,1276,14611,2723
SUMATERA UTARA,KOTA GUNUNGSITOLI,1278,20098,3136
SUMATERA UTARA,KOTA MEDAN,1275,119837,19777
SUMATERA UTARA,KOTA PADANGSIDIMPUAN,1277,13877,2040
SUMATERA UTARA,KOTA PEMATANG SIANTAR,1273,18941,2505
SUMATERA UTARA,KOTA SIBOLGA,1271,8089,1012
SUMATERA UTARA,KOTA TANJUNG BALAI,1272,18320,4255
SUMATERA UTARA,KOTA TEBING TINGGI,1274,10565,2545
SUMATERA UTARA,LABUHAN BATU,1207,26968,6401
SUMATERA UTARA,LABUHAN BATU SELATAN,1222,12074,3036
SUMATERA UTARA,LABUHAN BATU UTARA,1223,23945,5470
SUMATERA UTARA,LANGKAT,1213,90382,20748
SUMATERA UTARA,MANDAILING NATAL,1202,42606,9126
SUMATERA UTARA,NIAS,1201,30780,9035
SUMATERA UTARA,NIAS BARAT,1225,20486,3522
SUMATERA UTARA,NIAS SELATAN,1214,57557,18699
SUMATERA UTARA,NIAS UTARA,1224,33298,6292
SUMATERA UTARA,PADANG LAWAS,1221,26590,5373
SUMATERA UTARA,PADANG LAWAS UTARA,1220,18449,3858
SUMATERA UTARA,PAKPAK BHARAT,1216,4743,589
SUMATERA UTARA,SAMOSIR,1217,14550,1158
SUMATERA UTARA,SERDANG BEDAGAI,1218,40299,8378
SUMATERA UTARA,SIMALUNGUN,1209,47650,7579
SUMATERA UTARA,TAPANULI SELATAN,1203,22869,4407
SUMATERA UTARA,TAPANULI TENGAH,1204,42936,7600
SUMATERA UTARA,TAPANULI UTARA,1205,38143,3235
SUMATERA UTARA,TOBA SAMOSIR,1206,15638,1371
