Provinsi,NamaKab/Kota,Listrik PLN,Listrik non-PLN,Tidak ada listrik
ACEH,ACEH BARAT,18835,125,982
ACEH,ACEH BARAT DAYA,17414,125,534
ACEH,ACEH BESAR,38484,202,825
ACEH,ACEH JAYA,7752,21,179
ACEH,ACEH SELATAN,27762,200,1433
ACEH,ACEH SINGKIL,11797,266,404
ACEH,ACEH TAMIANG,28221,160,374
ACEH,ACEH TENGAH,18416,421,962
ACEH,ACEH TENGGARA,14169,220,1197
ACEH,ACEH TIMUR,43664,804,3121
ACEH,ACEH UTARA,76820,639,3163
ACEH,BENER MERIAH,8507,105,866
ACEH,BIREUEN,50023,422,2777
ACEH,GAYO LUES,5631,1977,266
ACEH,KOTA BANDA ACEH,8394,6,20
ACEH,KOTA LANGSA,9581,2,107
ACEH,KOTA LHOKSEUMAWE,12014,1,168
ACEH,KOTA SABANG,2238,1,14
ACEH,KOTA SUBULUSSALAM,7137,49,124
ACEH,NAGAN RAYA,18985,115,638
ACEH,PIDIE,47911,257,1938
ACEH,PIDIE JAYA,18279,13,691
ACEH,SIMEULUE,11279,88,399
ACEH,TOTAL,6219,21182,0
BALI,BADUNG,12260,0,41
BALI,BANGLI,16428,173,715
BALI,BULELENG,60302,363,1317
BALI,GIANYAR,19055,9,35
BALI,JEMBRANA,17638,13,59
BALI,KARANG ASEM,37110,164,1162
BALI,KLUNGKUNG,10796,186,207
BALI,KOTA DENPASAR,4703,0,14
BALI,TABANAN,28927,4,228
BALI,TOTAL,912,3778,0
BANTEN,KOTA CILEGON,13840,24,17
BANTEN,KOTA SERANG,20274,155,60
BANTEN,KOTA TANGERANG,68244,247,74
BANTEN,KOTA TANGERANG SELATAN,34144,268,41
BANTEN,LEBAK,102597,577,2028
BANTEN,PANDEGLANG,111242,1287,813
BANTEN,SERANG,67925,699,689
BANTEN,TANGERANG,223876,4858,611
BANTEN,TOTAL,8115,4333,0
BENGKULU,BENGKULU SELATAN,10786,312,1139
BENGKULU,BENGKULU TENGAH,10923,210,1272
BENGKULU,BENGKULU UTARA,18774,688,2715
BENGKULU,KAUR,10674,687,786
BENGKULU,KEPAHIANG,9387,142,1257
BENGKULU,KOTA BENGKULU,20095,96,106
BENGKULU,LEBONG,8914,317,989
BENGKULU,MUKOMUKO,11741,540,1001
BENGKULU,REJANG LEBONG,21941,306,5677
BENGKULU,SELUMA,17013,543,2409
BENGKULU,TOTAL,3841,17351,0
DI YOGYAKARTA,BANTUL,97752,284,563
DI YOGYAKARTA,GUNUNG KIDUL,96294,524,392
DI YOGYAKARTA,KOTA YOGYAKARTA,26016,20,91
DI YOGYAKARTA,KULON PROGO,43765,9,382
DI YOGYAKARTA,SLEMAN,100730,334,382
DI YOGYAKARTA,TOTAL,1171,1810,0
DKI JAKARTA,KEPULAUAN SERIBU,1727,24,1
DKI JAKARTA,KOTA JAKARTA BARAT,52910,2,59
DKI JAKARTA,KOTA JAKARTA PUSAT,34719,0,82
DKI JAKARTA,KOTA JAKARTA SELATAN,38004,22,51
DKI JAKARTA,KOTA JAKARTA TIMUR,67598,0,126
DKI JAKARTA,KOTA JAKARTA UTARA,69463,0,0
DKI JAKARTA,TOTAL,48,319,0
GORONTALO,BOALEMO,11292,923,2521
GORONTALO,BONE BOLANGO,11639,1107,1364
GORONTALO,GORONTALO,36911,2125,5693
GORONTALO,GORONTALO UTARA,9446,989,1539
GORONTALO,KOTA GORONTALO,12848,38,120
GORONTALO,POHUWATO,9608,569,1181
GORONTALO,TOTAL,5751,12418,0
JAMBI,BATANG HARI,18138,536,2361
JAMBI,BUNGO,14416,563,2519
JAMBI,KERINCI,26272,492,1695
JAMBI,KOTA JAMBI,31300,228,180
JAMBI,KOTA SUNGAI PENUH,5126,10,329
JAMBI,MERANGIN,15672,4924,2545
JAMBI,MUARO JAMBI,15150,754,1633
JAMBI,SAROLANGUN,18061,1843,2769
JAMBI,TANJUNG JABUNG BARAT,13283,5393,6161
JAMBI,TANJUNG JABUNG TIMUR,11428,2404,3087
JAMBI,TEBO,17175,777,2779
JAMBI,TOTAL,17924,26058,0
JAWA BARAT,BANDUNG,324687,2171,173
JAWA BARAT,BANDUNG BARAT,140368,1189,465
JAWA BARAT,BEKASI,157390,946,516
JAWA BARAT,BOGOR,314756,2623,1636
JAWA BARAT,CIAMIS,150502,64,565
JAWA BARAT,CIANJUR,292508,7092,4842
JAWA BARAT,CIREBON,249697,67,37
JAWA BARAT,GARUT,310958,3319,1131
JAWA BARAT,INDRAMAYU,234569,1898,934
JAWA BARAT,KARAWANG,216316,1760,1579
JAWA BARAT,KOTA BANDUNG,115568,1638,5
JAWA BARAT,KOTA BANJAR,11772,44,18
JAWA BARAT,KOTA BEKASI,95067,380,67
JAWA BARAT,KOTA BOGOR,70931,294,81
JAWA BARAT,KOTA CIMAHI,25456,105,6
JAWA BARAT,KOTA CIREBON,26082,47,41
JAWA BARAT,KOTA DEPOK,74050,183,44
JAWA BARAT,KOTA SUKABUMI,22541,1,46
JAWA BARAT,KOTA TASIKMALAYA,66726,4,5
JAWA BARAT,KUNINGAN,108732,0,0
JAWA BARAT,MAJALENGKA,137711,0,306
JAWA BARAT,PANGANDARAN,43142,9,276
JAWA BARAT,PURWAKARTA,59042,314,294
JAWA BARAT,SUBANG,129625,932,344
JAWA BARAT,SUKABUMI,231901,1868,1716
JAWA BARAT,SUMEDANG,96349,341,231
JAWA BARAT,TASIKMALAYA,210295,682,829
JAWA BARAT,TOTAL,27971,16187,0
JAWA TENGAH,BANJARNEGARA,105056,511,616
JAWA TENGAH,BANYUMAS,219987,687,777
JAWA TENGAH,BATANG,74746,74,176
JAWA TENGAH,BLORA,110852,495,313
JAWA TENGAH,BOYOLALI,96330,219,263
JAWA TENGAH,BREBES,261551,1446,982
JAWA TENGAH,CILACAP,208230,16,1091
JAWA TENGAH,DEMAK,150288,0,0
JAWA TENGAH,GROBOGAN,189218,75,377
JAWA TENGAH,JEPARA,150794,612,348
JAWA TENGAH,KARANGANYAR,76993,0,159
JAWA TENGAH,KEBUMEN,155619,0,1031
JAWA TENGAH,KENDAL,97329,0,221
JAWA TENGAH,KLATEN,167988,0,508
JAWA TENGAH,KOTA MAGELANG,9116,0,21
JAWA TENGAH,KOTA PEKALONGAN,29514,69,43
JAWA TENGAH,KOTA SALATIGA,9132,18,20
JAWA TENGAH,KOTA SEMARANG,77643,340,0
JAWA TENGAH,KOTA SURAKARTA,40849,133,85
JAWA TENGAH,KOTA TEGAL,21945,0,45
JAWA TENGAH,KUDUS,57596,1,55
JAWA TENGAH,MAGELANG,152481,536,560
JAWA TENGAH,PATI,177824,0,2
JAWA TENGAH,PEKALONGAN,101105,1570,433
JAWA TENGAH,PEMALANG,167819,0,679
JAWA TENGAH,PURBALINGGA,116844,5,801
JAWA TENGAH,PURWOREJO,80911,9,576
JAWA TENGAH,REMBANG,91040,72,59
JAWA TENGAH,SEMARANG,73540,0,55
JAWA TENGAH,SRAGEN,81039,293,264
JAWA TENGAH,SUKOHARJO,84578,16,46
JAWA TENGAH,TEGAL,164794,1602,674
JAWA TENGAH,TEMANGGUNG,80946,173,118
JAWA TENGAH,TOTAL,9597,12050,0
JAWA TENGAH,WONOGIRI,92534,474,328
JAWA TENGAH,WONOSOBO,87562,151,324
JAWA TIMUR,BANGKALAN,125153,1889,1047
JAWA TIMUR,BANYUWANGI,179788,2428,476
JAWA TIMUR,BLITAR,111138,668,495
JAWA TIMUR,BOJONEGORO,162473,1467,681
JAWA TIMUR,BONDOWOSO,148440,2378,1530
JAWA TIMUR,GRESIK,94372,1088,361
JAWA TIMUR,JEMBER,288442,5429,1419
JAWA TIMUR,JOMBANG,150973,751,356
JAWA TIMUR,KEDIRI,153072,1361,649
JAWA TIMUR,KOTA BATU,11448,35,37
JAWA TIMUR,KOTA BLITAR,7106,14,33
JAWA TIMUR,KOTA KEDIRI,21146,40,42
JAWA TIMUR,KOTA MADIUN,7499,14,15
JAWA TIMUR,KOTA MALANG,30901,177,99
JAWA TIMUR,KOTA MOJOKERTO,6965,0,8
JAWA TIMUR,KOTA PASURUAN,14321,0,14
JAWA TIMUR,KOTA PROBOLINGGO,17534,0,12
JAWA TIMUR,KOTA SURABAYA,146796,2108,236
JAWA TIMUR,LAMONGAN,115096,0,84
JAWA TIMUR,LUMAJANG,131878,317,501
JAWA TIMUR,MADIUN,72683,342,193
JAWA TIMUR,MAGETAN,61623,0,105
JAWA TIMUR,MALANG,209734,1902,778
JAWA TIMUR,MOJOKERTO,79146,538,145
JAWA TIMUR,NGANJUK,144762,1033,396
JAWA TIMUR,NGAWI,117764,596,425
JAWA TIMUR,PACITAN,53317,154,814
JAWA TIMUR,PAMEKASAN,123533,675,319
JAWA TIMUR,PASURUAN,194665,3037,867
JAWA TIMUR,PONOROGO,108966,571,498
JAWA TIMUR,PROBOLINGGO,180224,2864,1265
JAWA TIMUR,SAMPANG,135414,444,413
JAWA TIMUR,SIDOARJO,116683,425,128
JAWA TIMUR,SITUBONDO,107025,1420,747
JAWA TIMUR,SUMENEP,148281,21586,10695
JAWA TIMUR,TOTAL,58785,27029,0
JAWA TIMUR,TRENGGALEK,82368,398,312
JAWA TIMUR,TUBAN,122800,1575,471
JAWA TIMUR,TULUNGAGUNG,95597,1061,363
KALIMANTAN BARAT,BENGKAYANG,10375,1199,5869
KALIMANTAN BARAT,KAPUAS HULU,14680,4283,7598
KALIMANTAN BARAT,KAYONG UTARA,6662,452,1492
KALIMANTAN BARAT,KETAPANG,22967,5156,11777
KALIMANTAN BARAT,KOTA PONTIANAK,23181,164,106
KALIMANTAN BARAT,KOTA SINGKAWANG,12627,501,666
KALIMANTAN BARAT,KUBU RAYA,45031,1799,3943
KALIMANTAN BARAT,LANDAK,22137,2935,21180
KALIMANTAN BARAT,MELAWI,6681,1440,9141
KALIMANTAN BARAT,MEMPAWAH,24147,421,1469
KALIMANTAN BARAT,SAMBAS,38360,880,1860
KALIMANTAN BARAT,SANGGAU,14391,3527,13072
KALIMANTAN BARAT,SEKADAU,2225,1722,5077
KALIMANTAN BARAT,SINTANG,14706,5191,23028
KALIMANTAN BARAT,TOTAL,29670,106278,0
KALIMANTAN SELATAN,BALANGAN,5926,152,1354
KALIMANTAN SELATAN,BANJAR,22636,145,1282
KALIMANTAN SELATAN,BARITO KUALA,16622,220,1329
KALIMANTAN SELATAN,HULU SUNGAI SELATAN,19324,275,1912
KALIMANTAN SELATAN,HULU SUNGAI TENGAH,23325,798,2408
KALIMANTAN SELATAN,HULU SUNGAI UTARA,24674,503,823
KALIMANTAN SELATAN,KOTA BANJAR BARU,10563,95,123
KALIMANTAN SELATAN,KOTA BANJARMASIN,36472,94,67
KALIMANTAN SELATAN,KOTA BARU,8892,2389,3452
KALIMANTAN SELATAN,TABALONG,17942,494,814
KALIMANTAN SELATAN,TANAH BUMBU,15121,713,923
KALIMANTAN SELATAN,TANAH LAUT,16673,402,523
KALIMANTAN SELATAN,TAPIN,5619,79,735
KALIMANTAN SELATAN,TOTAL,6359,15745,0
KALIMANTAN TENGAH,BARITO SELATAN,3875,684,2553
KALIMANTAN TENGAH,BARITO TIMUR,3954,264,900
KALIMANTAN TENGAH,BARITO UTARA,3079,1971,2190
KALIMANTAN TENGAH,GUNUNG MAS,442,345,656
KALIMANTAN TENGAH,KAPUAS,23199,1222,6177
KALIMANTAN TENGAH,KATINGAN,6064,745,2419
KALIMANTAN TENGAH,KOTA PALANGKA RAYA,8680,274,188
KALIMANTAN TENGAH,KOTAWARINGIN BARAT,8388,856,598
KALIMANTAN TENGAH,KOTAWARINGIN TIMUR,20128,2831,5101
KALIMANTAN TENGAH,LAMANDAU,1117,847,1161
KALIMANTAN TENGAH,MURUNG RAYA,1205,1733,2753
KALIMANTAN TENGAH,PULANG PISAU,9706,497,805
KALIMANTAN TENGAH,SERUYAN,3779,1987,989
KALIMANTAN TENGAH,SUKAMARA,1498,617,520
KALIMANTAN TENGAH,TOTAL,14873,27010,0
KALIMANTAN TIMUR,BERAU,4653,1901,1415
KALIMANTAN TIMUR,KOTA BALIKPAPAN,24254,321,118
KALIMANTAN TIMUR,KOTA BONTANG,6964,377,99
KALIMANTAN TIMUR,KOTA SAMARINDA,27017,82,215
KALIMANTAN TIMUR,KUTAI BARAT,4300,3042,2808
KALIMANTAN TIMUR,KUTAI KARTANEGARA,28039,5140,2640
KALIMANTAN TIMUR,KUTAI TIMUR,10655,8443,3236
KALIMANTAN TIMUR,MAHAKAM HULU,286,1334,493
KALIMANTAN TIMUR,PASER,14256,4921,2249
KALIMANTAN TIMUR,PENAJAM PASER UTARA,9910,246,347
KALIMANTAN TIMUR,TOTAL,25807,13620,0
KALIMANTAN UTARA,BULUNGAN,3422,1003,970
KALIMANTAN UTARA,KOTA TARAKAN,9879,169,132
KALIMANTAN UTARA,MALINAU,2636,1122,896
KALIMANTAN UTARA,NUNUKAN,6429,2989,3482
KALIMANTAN UTARA,TANA TIDUNG,324,210,159
KALIMANTAN UTARA,TOTAL,5493,5639,0
KEPULAUAN BANGKA BELITUNG,BANGKA,14370,211,433
KEPULAUAN BANGKA BELITUNG,BANGKA BARAT,5691,184,324
KEPULAUAN BANGKA BELITUNG,BANGKA SELATAN,7016,664,365
KEPULAUAN BANGKA BELITUNG,BANGKA TENGAH,9759,292,279
KEPULAUAN BANGKA BELITUNG,BELITUNG,9078,278,592
KEPULAUAN BANGKA BELITUNG,BELITUNG TIMUR,6663,378,373
KEPULAUAN BANGKA BELITUNG,KOTA PANGKAL PINANG,8535,87,20
KEPULAUAN BANGKA BELITUNG,TOTAL,2094,2386,0
KEPULAUAN RIAU,BINTAN,4895,803,233
KEPULAUAN RIAU,KARIMUN,10017,2251,1501
KEPULAUAN RIAU,KEPULAUAN ANAMBAS,347,338,20
KEPULAUAN RIAU,KOTA BATAM,33335,5373,1195
KEPULAUAN RIAU,KOTA TANJUNG PINANG,9905,215,97
KEPULAUAN RIAU,LINGGA,3477,2977,749
KEPULAUAN RIAU,NATUNA,1394,884,302
KEPULAUAN RIAU,TOTAL,12841,4097,0
LAMPUNG,KOTA BANDAR LAMPUNG,79408,922,321
LAMPUNG,KOTA METRO,8515,0,0
LAMPUNG,LAMPUNG BARAT,17787,10226,5432
LAMPUNG,LAMPUNG SELATAN,128446,2508,1184
LAMPUNG,LAMPUNG TENGAH,116855,4424,1621
LAMPUNG,LAMPUNG TIMUR,105304,1986,1826
LAMPUNG,LAMPUNG UTARA,68657,1466,3336
LAMPUNG,MESUJI,11856,8728,1639
LAMPUNG,PESAWARAN,57097,2207,2617
LAMPUNG,PESISIR BARAT,10305,3419,5906
LAMPUNG,PRINGSEWU,35303,415,774
LAMPUNG,TANGGAMUS,52677,5840,7594
LAMPUNG,TOTAL,56589,40310,0
LAMPUNG,TULANG BAWANG BARAT,21058,618,1069
LAMPUNG,TULANGBAWANG,27713,10664,3479
LAMPUNG,WAY KANAN,40363,3166,3512
MALUKU,BURU,4594,571,3365
MALUKU,BURU SELATAN,2784,1063,1886
MALUKU,KEPULAUAN ARU,542,753,5405
MALUKU,KOTA AMBON,18462,48,556
MALUKU,KOTA TUAL,2653,530,1164
MALUKU,MALUKU BARAT DAYA,3189,2368,4487
MALUKU,MALUKU TENGAH,31250,849,5433
MALUKU,MALUKU TENGGARA,3214,274,3470
MALUKU,MALUKU TENGGARA BARAT,4672,2373,4705
MALUKU,SERAM BAGIAN BARAT,15093,537,4199
MALUKU,SERAM BAGIAN TIMUR,3914,486,4585
MALUKU,TOTAL,9852,39255,0
MALUKU UTARA,HALMAHERA BARAT,5270,610,1283
MALUKU UTARA,HALMAHERA SELATAN,3917,2445,3164
MALUKU UTARA,HALMAHERA TENGAH,2103,1461,484
MALUKU UTARA,HALMAHERA TIMUR,3763,1072,1442
MALUKU UTARA,HALMAHERA UTARA,4331,897,1275
MALUKU UTARA,KEPULAUAN SULA,2090,324,1933
MALUKU UTARA,KOTA TERNATE,2349,710,460
MALUKU UTARA,KOTA TIDORE KEPULAUAN,5871,120,86
MALUKU UTARA,PULAU MOROTAI,1553,714,1241
MALUKU UTARA,PULAU TALIABU,353,459,1682
MALUKU UTARA,TOTAL,8812,13050,0
NUSA TENGGARA BARAT,BIMA,56596,1328,3991
NUSA TENGGARA BARAT,DOMPU,28770,309,1628
NUSA TENGGARA BARAT,KOTA BIMA,15308,118,214
NUSA TENGGARA BARAT,KOTA MATARAM,35410,219,91
NUSA TENGGARA BARAT,LOMBOK BARAT,98393,2425,2447
NUSA TENGGARA BARAT,LOMBOK TENGAH,160013,1564,1749
NUSA TENGGARA BARAT,LOMBOK TIMUR,215638,1906,2706
NUSA TENGGARA BARAT,LOMBOK UTARA,34333,1211,977
NUSA TENGGARA BARAT,SUMBAWA,38179,1756,2874
NUSA TENGGARA BARAT,SUMBAWA BARAT,13837,420,324
NUSA TENGGARA BARAT,TOTAL,11256,17001,0
NUSA TENGGARA TIMUR,ALOR,11850,4057,10270
NUSA TENGGARA TIMUR,BELU,11054,1450,8464
NUSA TENGGARA TIMUR,ENDE,21403,816,5539
NUSA TENGGARA TIMUR,FLORES TIMUR,16971,957,4194
NUSA TENGGARA TIMUR,KOTA KUPANG,19060,128,371
NUSA TENGGARA TIMUR,KUPANG,20452,1761,13667
NUSA TENGGARA TIMUR,LEMBATA,9303,3901,4003
NUSA TENGGARA TIMUR,MALAKA,9126,440,12789
NUSA TENGGARA TIMUR,MANGGARAI,18264,3006,15418
NUSA TENGGARA TIMUR,MANGGARAI BARAT,10943,3107,20166
NUSA TENGGARA TIMUR,MANGGARAI TIMUR,6497,5237,27928
NUSA TENGGARA TIMUR,NAGEKEO,7093,492,3664
NUSA TENGGARA TIMUR,NGADA,7814,489,3571
NUSA TENGGARA TIMUR,ROTE NDAO,11023,2198,5390
NUSA TENGGARA TIMUR,SABU RAIJUA,3764,2360,8564
NUSA TENGGARA TIMUR,SIKKA,18828,1261,14152
NUSA TENGGARA TIMUR,SUMBA BARAT,3846,784,11383
NUSA TENGGARA TIMUR,SUMBA BARAT DAYA,6336,1698,38099
NUSA TENGGARA TIMUR,SUMBA TENGAH,1591,1283,6577
NUSA TENGGARA TIMUR,SUMBA TIMUR,6175,1666,18018
NUSA TENGGARA TIMUR,TIMOR TENGAH SELATAN,21665,4888,48782
NUSA TENGGARA TIMUR,TIMOR TENGAH UTARA,15787,1725,13871
NUSA TENGGARA TIMUR,TOTAL,43704,294880,0
PAPUA,ASMAT,189,1133,10562
PAPUA,BIAK NUMFOR,12946,107,798
PAPUA,BOVEN DIGOEL,842,1244,3260
PAPUA,DEIYAI,382,1511,1098
PAPUA,DOGIYAI,2,455,4126
PAPUA,INTAN JAYA,0,6,200
PAPUA,JAYAPURA,7720,362,1253
PAPUA,JAYAWIJAYA,819,2106,10221
PAPUA,KEEROM,4753,691,780
PAPUA,KEPULAUAN YAPEN,3595,378,4093
PAPUA,KOTA JAYAPURA,15117,366,694
PAPUA,LANNY JAYA,2,539,5088
PAPUA,MAMBERAMO RAYA,0,512,176
PAPUA,MAMBERAMO TENGAH,0,283,404
PAPUA,MAPPI,429,401,9600
PAPUA,MERAUKE,9973,645,2445
PAPUA,MIMIKA,8296,1173,3783
PAPUA,NABIRE,6575,574,2135
PAPUA,NDUGA,0,0,0
PAPUA,PANIAI,740,1318,4825
PAPUA,PEGUNUNGAN BINTANG,34,2420,10395
PAPUA,PUNCAK,0,455,10871
PAPUA,PUNCAK JAYA,1,2826,4155
PAPUA,SARMI,520,982,561
PAPUA,SUPIORI,860,166,1006
PAPUA,TOLIKARA,0,841,3445
PAPUA,TOTAL,23790,109120,0
PAPUA,WAROPEN,1027,238,338
PAPUA,YAHUKIMO,1,95,9880
PAPUA,YALIMO,0,1963,2928
PAPUA BARAT,FAKFAK,4972,1821,1287
PAPUA BARAT,KAIMANA,867,1194,2463
PAPUA BARAT,KOTA SORONG,11465,322,187
PAPUA BARAT,MANOKWARI,9029,406,1311
PAPUA BARAT,MANOKWARI SELATAN,1730,674,1289
PAPUA BARAT,MAYBRAT,1809,1786,635
PAPUA BARAT,PEGUNUNGAN ARFAK,30,1171,5655
PAPUA BARAT,RAJA AMPAT,341,2712,1253
PAPUA BARAT,SORONG,4932,2246,859
PAPUA BARAT,SORONG SELATAN,315,582,2441
PAPUA BARAT,TAMBRAUW,565,809,961
PAPUA BARAT,TELUK BINTUNI,1915,1790,1263
PAPUA BARAT,TELUK WONDAMA,271,416,1879
PAPUA BARAT,TOTAL,15929,21483,0
RIAU,BENGKALIS,22221,3718,3104
RIAU,INDRAGIRI HILIR,15078,9351,15905
RIAU,INDRAGIRI HULU,23654,3725,6485
RIAU,KAMPAR,50362,4552,2557
RIAU,KEPULAUAN MERANTI,12805,6504,4311
RIAU,KOTA DUMAI,14629,768,485
RIAU,KOTA PEKANBARU,26473,208,307
RIAU,KUANTAN SINGINGI,17689,522,1459
RIAU,PELALAWAN,9825,5711,4611
RIAU,ROKAN HILIR,38606,6641,5249
RIAU,ROKAN HULU,18705,7047,3764
RIAU,S I A K,14180,5483,2387
RIAU,TOTAL,54230,50624,0
SULAWESI BARAT,MAJENE,15393,1265,1446
SULAWESI BARAT,MAMASA,3348,12263,5107
SULAWESI BARAT,MAMUJU,10914,2840,4824
SULAWESI BARAT,MAMUJU TENGAH,3355,1401,2139
SULAWESI BARAT,MAMUJU UTARA,4064,3601,2303
SULAWESI BARAT,POLEWALI MANDAR,32650,6241,4044
SULAWESI BARAT,TOTAL,27611,19863,0
SULAWESI SELATAN,BANTAENG,14752,793,1293
SULAWESI SELATAN,BARRU,13690,913,1922
SULAWESI SELATAN,BONE,69445,2743,7967
SULAWESI SELATAN,BULUKUMBA,32415,493,2625
SULAWESI SELATAN,ENREKANG,16811,1806,1202
SULAWESI SELATAN,GOWA,66975,905,2147
SULAWESI SELATAN,JENEPONTO,50619,329,661
SULAWESI SELATAN,KEPULAUAN SELAYAR,6495,4954,2126
SULAWESI SELATAN,KOTA MAKASSAR,49140,1214,162
SULAWESI SELATAN,KOTA PALOPO,6999,4,272
SULAWESI SELATAN,KOTA PAREPARE,7053,0,83
SULAWESI SELATAN,LUWU,24725,3755,5217
SULAWESI SELATAN,LUWU TIMUR,15215,997,2301
SULAWESI SELATAN,LUWU UTARA,24675,4524,2764
SULAWESI SELATAN,MAROS,26701,1497,2290
SULAWESI SELATAN,PANGKAJENE DAN KEPULAUAN,23864,5312,2911
SULAWESI SELATAN,PINRANG,19800,2246,961
SULAWESI SELATAN,SIDENRENG RAPPANG,19354,912,1164
SULAWESI SELATAN,SINJAI,16516,1332,3023
SULAWESI SELATAN,SOPPENG,18156,1032,2464
SULAWESI SELATAN,TAKALAR,32663,830,645
SULAWESI SELATAN,TANA TORAJA,14024,6618,3615
SULAWESI SELATAN,TORAJA UTARA,18323,3039,2303
SULAWESI SELATAN,TOTAL,46853,53772,0
SULAWESI SELATAN,WAJO,25625,605,3654
SULAWESI TENGAH,BANGGAI,27844,2139,5149
SULAWESI TENGAH,BANGGAI KEPULAUAN,5585,1745,4861
SULAWESI TENGAH,BANGGAI LAUT,2300,911,1058
SULAWESI TENGAH,BUOL,8400,1435,3566
SULAWESI TENGAH,DONGGALA,20442,3519,8335
SULAWESI TENGAH,KOTA PALU,12786,118,299
SULAWESI TENGAH,MOROWALI,5312,3591,1109
SULAWESI TENGAH,MOROWALI UTARA,6139,1306,2446
SULAWESI TENGAH,PARIGI MOUTONG,32969,1392,9627
SULAWESI TENGAH,POSO,21768,631,1838
SULAWESI TENGAH,SIGI,14602,2227,5254
SULAWESI TENGAH,TOJO UNA-UNA,7069,3077,4207
SULAWESI TENGAH,TOLI-TOLI,14158,1454,3637
SULAWESI TENGAH,TOTAL,23545,51386,0
SULAWESI TENGGARA,BOMBANA,10048,2876,3640
SULAWESI TENGGARA,BUTON,7230,927,2309
SULAWESI TENGGARA,BUTON SELATAN,5953,1036,2589
SULAWESI TENGGARA,BUTON TENGAH,10606,849,1509
SULAWESI TENGGARA,BUTON UTARA,2642,848,3376
SULAWESI TENGGARA,KOLAKA,9394,1217,2487
SULAWESI TENGGARA,KOLAKA TIMUR,4827,1336,3670
SULAWESI TENGGARA,KOLAKA UTARA,10951,2247,3448
SULAWESI TENGGARA,KONAWE,16401,1416,3050
SULAWESI TENGGARA,KONAWE KEPULAUAN,2860,1022,1518
SULAWESI TENGGARA,KONAWE SELATAN,19298,981,2999
SULAWESI TENGGARA,KONAWE UTARA,3184,1105,1065
SULAWESI TENGGARA,KOTA BAUBAU,12206,62,326
SULAWESI TENGGARA,KOTA KENDARI,17117,22,350
SULAWESI TENGGARA,MUNA,19744,1402,4301
SULAWESI TENGGARA,MUNA BARAT,8095,1272,2238
SULAWESI TENGGARA,TOTAL,19637,39820,0
SULAWESI TENGGARA,WAKATOBI,5049,1019,945
SULAWESI UTARA,BOLAANG MONGONDOW,25182,216,394
SULAWESI UTARA,BOLAANG MONGONDOW SELATAN,4829,71,234
SULAWESI UTARA,BOLAANG MONGONDOW TIMUR,4747,118,167
SULAWESI UTARA,BOLAANG MONGONDOW UTARA,6648,224,222
SULAWESI UTARA,KEPULAUAN SANGIHE,7465,571,1623
SULAWESI UTARA,KEPULAUAN TALAUD,6781,165,262
SULAWESI UTARA,KOTA BITUNG,11712,1018,355
SULAWESI UTARA,KOTA MANADO,18752,342,217
SULAWESI UTARA,KOTA TOMOHON,7631,5,38
SULAWESI UTARA,KOTAMOBAGU,7581,95,31
SULAWESI UTARA,MINAHASA,19899,269,367
SULAWESI UTARA,MINAHASA SELATAN,24605,102,335
SULAWESI UTARA,MINAHASA TENGGARA,9282,59,161
SULAWESI UTARA,MINAHASA UTARA,15565,295,546
SULAWESI UTARA,SIAU TAGULANDANG BIARO,2433,286,127
SULAWESI UTARA,TOTAL,3836,5079,0
SUMATERA BARAT,AGAM,18811,659,1978
SUMATERA BARAT,DHARMASRAYA,6506,180,359
SUMATERA BARAT,KEPULAUAN MENTAWAI,783,1252,6013
SUMATERA BARAT,KOTA BUKITTINGGI,3834,5,42
SUMATERA BARAT,KOTA PADANG,42352,169,584
SUMATERA BARAT,KOTA PADANG PANJANG,2048,0,45
SUMATERA BARAT,KOTA PARIAMAN,4416,2,96
SUMATERA BARAT,KOTA PAYAKUMBUH,6261,25,146
SUMATERA BARAT,KOTA SAWAH LUNTO,1370,13,201
SUMATERA BARAT,KOTA SOLOK,2382,1,71
SUMATERA BARAT,LIMA PULUH KOTA,28906,448,2795
SUMATERA BARAT,PADANG PARIAMAN,25277,431,2785
SUMATERA BARAT,PASAMAN,18425,2334,4728
SUMATERA BARAT,PASAMAN BARAT,35803,1757,2471
SUMATERA BARAT,PESISIR SELATAN,33851,1122,3028
SUMATERA BARAT,SIJUNJUNG,9890,287,1838
SUMATERA BARAT,SOLOK,24394,1899,3753
SUMATERA BARAT,SOLOK SELATAN,7366,1110,857
SUMATERA BARAT,TANAH DATAR,18114,251,1616
SUMATERA BARAT,TOTAL,11945,33406,0
SUMATERA SELATAN,BANYU ASIN,70146,6276,6133
SUMATERA SELATAN,EMPAT LAWANG,19635,208,2528
SUMATERA SELATAN,KOTA LUBUKLINGGAU,11490,103,271
SUMATERA SELATAN,KOTA PAGAR ALAM,9121,65,224
SUMATERA SELATAN,KOTA PALEMBANG,87642,1878,820
SUMATERA SELATAN,KOTA PRABUMULIH,10514,38,299
SUMATERA SELATAN,LAHAT,35392,509,1771
SUMATERA SELATAN,MUARA ENIM,50221,2509,2972
SUMATERA SELATAN,MUSI BANYUASIN,34243,15775,4726
SUMATERA SELATAN,MUSI RAWAS,38394,721,3808
SUMATERA SELATAN,MUSI RAWAS UTARA,11274,3172,3844
SUMATERA SELATAN,OGAN ILIR,39529,1432,5206
SUMATERA SELATAN,OGAN KOMERING ILIR,56595,7313,8416
SUMATERA SELATAN,OGAN KOMERING ULU,22304,404,2216
SUMATERA SELATAN,OGAN KOMERING ULU SELATAN,22453,8013,11285
SUMATERA SELATAN,OGAN KOMERING ULU TIMUR,32604,518,1104
SUMATERA SELATAN,PENUKAL ABAB LEMATANG ILIR,16503,431,834
SUMATERA SELATAN,TOTAL,49365,56457,0
SUMATERA UTARA,ASAHAN,31294,856,1481
SUMATERA UTARA,BATU BARA,41133,774,1185
SUMATERA UTARA,DAIRI,14786,261,2274
SUMATERA UTARA,DELI SERDANG,106752,1460,1962
SUMATERA UTARA,HUMBANG HASUNDUTAN,11887,122,1159
SUMATERA UTARA,KARO,22901,251,1038
SUMATERA UTARA,KOTA BINJAI,15725,38,96
SUMATERA UTARA,KOTA GUNUNGSITOLI,11460,124,2456
SUMATERA UTARA,KOTA MEDAN,109408,470,271
SUMATERA UTARA,KOTA PADANGSIDIMPUAN,9978,45,438
SUMATERA UTARA,KOTA PEMATANG SIANTAR,17568,62,132
SUMATERA UTARA,KOTA SIBOLGA,5369,1,38
SUMATERA UTARA,KOTA TANJUNG BALAI,14056,37,207
SUMATERA UTARA,KOTA TEBING TINGGI,10671,8,35
SUMATERA UTARA,LABUHAN BATU,20029,1037,2178
SUMATERA UTARA,LABUHAN BATU SELATAN,7891,595,570
SUMATERA UTARA,LABUHAN BATU UTARA,16344,1171,1947
SUMATERA UTARA,LANGKAT,93166,1335,2435
SUMATERA UTARA,MANDAILING NATAL,21846,1498,8218
SUMATERA UTARA,NIAS,7271,584,13148
SUMATERA UTARA,NIAS BARAT,7881,383,5531
SUMATERA UTARA,NIAS SELATAN,13059,1154,29865
SUMATERA UTARA,NIAS UTARA,10533,368,12145
SUMATERA UTARA,PADANG LAWAS,13351,183,3271
SUMATERA UTARA,PADANG LAWAS UTARA,7892,471,2854
SUMATERA UTARA,PAKPAK BHARAT,1812,206,318
SUMATERA UTARA,SAMOSIR,6136,238,363
SUMATERA UTARA,SERDANG BEDAGAI,34962,224,876
SUMATERA UTARA,SIMALUNGUN,40375,417,1818
SUMATERA UTARA,TAPANULI SELATAN,15034,1203,3837
SUMATERA UTARA,TAPANULI TENGAH,25424,889,3374
SUMATERA UTARA,TAPANULI UTARA,23512,549,1977
SUMATERA UTARA,TOBA SAMOSIR,7427,164,835
SUMATERA UTARA,TOTAL,17178,108332,0
