Provinsi,NamaKab/Kota,KodeKab/Kota,Bekerja,Tidak Bekerja
,,,,
ACEH,ACEH BARAT,1107,31848,38077
ACEH,ACEH BARAT DAYA,1112,23497,48534
ACEH,ACEH BESAR,1108,51263,90972
ACEH,ACEH JAYA,1116,12924,15610
ACEH,ACEH SELATAN,1103,35839,70932
ACEH,ACEH SINGKIL,1102,16223,34667
ACEH,ACEH TAMIANG,1114,34705,66615
ACEH,ACEH TENGAH,1106,37223,28728
ACEH,ACEH TENGGARA,1104,31213,38751
ACEH,ACEH TIMUR,1105,65836,122924
ACEH,ACEH UTARA,1111,106022,195426
ACEH,BENER MERIAH,1117,18884,16831
ACEH,BIREUEN,1110,78611,128876
ACEH,GAYO LUES,1113,17722,13540
ACEH,KOTA BANDA ACEH,1171,10962,20664
ACEH,KOTA LANGSA,1173,13178,30375
ACEH,KOTA LHOKSEUMAWE,1174,15428,38751
ACEH,KOTA SABANG,1172,2953,5222
ACEH,KOTA SUBULUSSALAM,1175,7606,23795
ACEH,NAGAN RAYA,1115,27426,36599
ACEH,PIDIE,1109,75225,121206
ACEH,PIDIE JAYA,1118,29265,44943
ACEH,SIMEULUE,1101,17388,24389
BALI,BADUNG,5103,29346,21342
BALI,BANGLI,5106,39502,20220
BALI,BULELENG,5108,111588,95591
BALI,GIANYAR,5104,50422,34949
BALI,JEMBRANA,5101,29036,26616
BALI,KARANG ASEM,5107,77317,52648
BALI,KLUNGKUNG,5105,22576,13841
BALI,KOTA DENPASAR,5171,9768,9743
BALI,TABANAN,5102,68331,39601
BANTEN,KOTA CILEGON,3672,18471,37958
BANTEN,KOTA SERANG,3673,28859,65382
BANTEN,KOTA TANGERANG,3671,89515,159363
BANTEN,KOTA TANGERANG SELATAN,3674,43147,75496
BANTEN,LEBAK,3602,141628,263783
BANTEN,PANDEGLANG,3601,157164,300799
BANTEN,SERANG,3604,77491,198651
BANTEN,TANGERANG,3603,278791,557952
BENGKULU,BENGKULU SELATAN,1701,22588,20979
BENGKULU,BENGKULU TENGAH,1709,17823,22792
BENGKULU,BENGKULU UTARA,1703,34292,42787
BENGKULU,KAUR,1704,23241,22800
BENGKULU,KEPAHIANG,1708,20093,15929
BENGKULU,KOTA BENGKULU,1771,30126,45774
BENGKULU,LEBONG,1707,17786,16350
BENGKULU,MUKOMUKO,1706,18731,28121
BENGKULU,REJANG LEBONG,1702,48162,38789
BENGKULU,SELUMA,1705,34176,32808
DI YOGYAKARTA,BANTUL,3402,157771,137458
DI YOGYAKARTA,GUNUNG KIDUL,3403,196747,114894
DI YOGYAKARTA,KOTA YOGYAKARTA,3471,40149,40233
DI YOGYAKARTA,KULON PROGO,3401,76295,52757
DI YOGYAKARTA,SLEMAN,3404,163338,142140
DKI JAKARTA,KEPULAUAN SERIBU,3101,2343,4296
DKI JAKARTA,KOTA JAKARTA BARAT,3174,69782,123562
DKI JAKARTA,KOTA JAKARTA PUSAT,3173,45526,74585
DKI JAKARTA,KOTA JAKARTA SELATAN,3171,49020,86413
DKI JAKARTA,KOTA JAKARTA TIMUR,3172,80675,157652
DKI JAKARTA,KOTA JAKARTA UTARA,3175,93340,158710
GORONTALO,BOALEMO,7501,21246,36616
GORONTALO,BONE BOLANGO,7504,18696,38006
GORONTALO,GORONTALO,7502,67895,110299
GORONTALO,GORONTALO UTARA,7505,17310,30440
GORONTALO,KOTA GORONTALO,7571,17321,33694
GORONTALO,POHUWATO,7503,17230,30700
JAMBI,BATANG HARI,1504,29712,45663
JAMBI,BUNGO,1509,24028,37713
JAMBI,KERINCI,1501,37297,43616
JAMBI,KOTA JAMBI,1571,47843,75008
JAMBI,KOTA SUNGAI PENUH,1572,7404,11424
JAMBI,MERANGIN,1502,34643,42710
JAMBI,MUARO JAMBI,1505,26527,39627
JAMBI,SAROLANGUN,1503,31653,45697
JAMBI,TANJUNG JABUNG BARAT,1507,42174,46368
JAMBI,TANJUNG JABUNG TIMUR,1506,28911,29973
JAMBI,TEBO,1508,30615,38215
JAWA BARAT,BANDUNG,3204,371748,737329
JAWA BARAT,BANDUNG BARAT,3217,141403,316565
JAWA BARAT,BEKASI,3216,177813,355743
JAWA BARAT,BOGOR,3201,364681,794072
JAWA BARAT,CIAMIS,3207,151126,279464
JAWA BARAT,CIANJUR,3203,305826,638963
JAWA BARAT,CIREBON,3209,294322,597134
JAWA BARAT,GARUT,3205,358801,752354
JAWA BARAT,INDRAMAYU,3212,245184,463266
JAWA BARAT,KARAWANG,3215,229119,476521
JAWA BARAT,KOTA BANDUNG,3273,135476,263817
JAWA BARAT,KOTA BANJAR,3279,11561,23701
JAWA BARAT,KOTA BEKASI,3275,118550,223994
JAWA BARAT,KOTA BOGOR,3271,88517,166151
JAWA BARAT,KOTA CIMAHI,3277,28258,58922
JAWA BARAT,KOTA CIREBON,3274,32368,59717
JAWA BARAT,KOTA DEPOK,3276,99529,172978
JAWA BARAT,KOTA SUKABUMI,3272,27195,55201
JAWA BARAT,KOTA TASIKMALAYA,3278,90104,138801
JAWA BARAT,KUNINGAN,3208,124028,243402
JAWA BARAT,MAJALENGKA,3210,167399,243615
JAWA BARAT,PANGANDARAN,3218,52181,64268
JAWA BARAT,PURWAKARTA,3214,66558,136695
JAWA BARAT,SUBANG,3213,144897,285269
JAWA BARAT,SUKABUMI,3202,252680,564761
JAWA BARAT,SUMEDANG,3211,92453,178727
JAWA BARAT,TASIKMALAYA,3206,252056,406726
JAWA TENGAH,BANJARNEGARA,3304,163038,190090
JAWA TENGAH,BANYUMAS,3302,321237,414756
JAWA TENGAH,BATANG,3325,122026,142093
JAWA TENGAH,BLORA,3316,181228,139402
JAWA TENGAH,BOYOLALI,3309,158605,127794
JAWA TENGAH,BREBES,3329,425865,537049
JAWA TENGAH,CILACAP,3301,276824,394804
JAWA TENGAH,DEMAK,3321,211985,262238
JAWA TENGAH,GROBOGAN,3315,275721,255239
JAWA TENGAH,JEPARA,3320,219201,254484
JAWA TENGAH,KARANGANYAR,3313,126279,125985
JAWA TENGAH,KEBUMEN,3305,254639,285739
JAWA TENGAH,KENDAL,3324,136625,161699
JAWA TENGAH,KLATEN,3310,239549,263086
JAWA TENGAH,KOTA MAGELANG,3371,14044,16929
JAWA TENGAH,KOTA PEKALONGAN,3375,53254,55667
JAWA TENGAH,KOTA SALATIGA,3373,15037,14978
JAWA TENGAH,KOTA SEMARANG,3374,116081,134869
JAWA TENGAH,KOTA SURAKARTA,3372,63982,67839
JAWA TENGAH,KOTA TEGAL,3376,33963,43425
JAWA TENGAH,KUDUS,3319,102871,95813
JAWA TENGAH,MAGELANG,3308,277574,236761
JAWA TENGAH,PATI,3318,239592,284287
JAWA TENGAH,PEKALONGAN,3326,202941,221457
JAWA TENGAH,PEMALANG,3327,274312,372936
JAWA TENGAH,PURBALINGGA,3303,202746,221970
JAWA TENGAH,PURWOREJO,3306,122274,122338
JAWA TENGAH,REMBANG,3317,143354,146615
JAWA TENGAH,SEMARANG,3322,124038,105734
JAWA TENGAH,SRAGEN,3314,116501,118979
JAWA TENGAH,SUKOHARJO,3311,133450,134510
JAWA TENGAH,TEGAL,3328,255316,366843
JAWA TENGAH,TEMANGGUNG,3323,151855,118282
JAWA TENGAH,WONOGIRI,3312,170960,123385
JAWA TENGAH,WONOSOBO,3307,145219,129650
JAWA TIMUR,BANGKALAN,3526,250263,196760
JAWA TIMUR,BANYUWANGI,3510,242222,242535
JAWA TIMUR,BLITAR,3505,149627,166487
JAWA TIMUR,BOJONEGORO,3522,251192,250430
JAWA TIMUR,BONDOWOSO,3511,217671,183895
JAWA TIMUR,GRESIK,3525,144819,185651
JAWA TIMUR,JEMBER,3509,382915,472806
JAWA TIMUR,JOMBANG,3517,205107,256864
JAWA TIMUR,KEDIRI,3506,207427,250516
JAWA TIMUR,KOTA BATU,3579,20461,16975
JAWA TIMUR,KOTA BLITAR,3572,11355,11934
JAWA TIMUR,KOTA KEDIRI,3571,29233,34131
JAWA TIMUR,KOTA MADIUN,3577,10418,12366
JAWA TIMUR,KOTA MALANG,3573,47161,58562
JAWA TIMUR,KOTA MOJOKERTO,3576,10477,11465
JAWA TIMUR,KOTA PASURUAN,3575,21859,26675
JAWA TIMUR,KOTA PROBOLINGGO,3574,26375,31234
JAWA TIMUR,KOTA SURABAYA,3578,202425,288473
JAWA TIMUR,LAMONGAN,3524,195122,200709
JAWA TIMUR,LUMAJANG,3508,209858,195218
JAWA TIMUR,MADIUN,3519,89835,104235
JAWA TIMUR,MAGETAN,3520,102874,79606
JAWA TIMUR,MALANG,3507,309835,331688
JAWA TIMUR,MOJOKERTO,3516,115147,149209
JAWA TIMUR,NGANJUK,3518,200037,242427
JAWA TIMUR,NGAWI,3521,180314,167324
JAWA TIMUR,PACITAN,3501,107235,51129
JAWA TIMUR,PAMEKASAN,3528,237305,187070
JAWA TIMUR,PASURUAN,3514,256554,330548
JAWA TIMUR,PONOROGO,3502,179384,141502
JAWA TIMUR,PROBOLINGGO,3513,271536,270479
JAWA TIMUR,SAMPANG,3527,290130,208821
JAWA TIMUR,SIDOARJO,3515,156643,220399
JAWA TIMUR,SITUBONDO,3512,137947,119091
JAWA TIMUR,SUMENEP,3529,307903,202831
JAWA TIMUR,TRENGGALEK,3503,140713,108785
JAWA TIMUR,TUBAN,3523,184431,212616
JAWA TIMUR,TULUNGAGUNG,3504,144991,136906
KALIMANTAN BARAT,BENGKAYANG,6102,35245,39055
KALIMANTAN BARAT,KAPUAS HULU,6108,57640,40810
KALIMANTAN BARAT,KAYONG UTARA,6111,15292,21923
KALIMANTAN BARAT,KETAPANG,6106,57389,74438
KALIMANTAN BARAT,KOTA PONTIANAK,6171,30731,58997
KALIMANTAN BARAT,KOTA SINGKAWANG,6172,22541,31839
KALIMANTAN BARAT,KUBU RAYA,6112,80533,115129
KALIMANTAN BARAT,LANDAK,6103,103469,84572
KALIMANTAN BARAT,MELAWI,6110,31844,27319
KALIMANTAN BARAT,MEMPAWAH,6104,40534,62114
KALIMANTAN BARAT,SAMBAS,6101,73198,73709
KALIMANTAN BARAT,SANGGAU,6105,60257,51168
KALIMANTAN BARAT,SEKADAU,6109,22073,18781
KALIMANTAN BARAT,SINTANG,6107,88065,59999
KALIMANTAN SELATAN,BALANGAN,6311,12559,11949
KALIMANTAN SELATAN,BANJAR,6303,37519,46651
KALIMANTAN SELATAN,BARITO KUALA,6304,26551,38589
KALIMANTAN SELATAN,HULU SUNGAI SELATAN,6306,29570,32603
KALIMANTAN SELATAN,HULU SUNGAI TENGAH,6307,36015,38279
KALIMANTAN SELATAN,HULU SUNGAI UTARA,6308,37481,42789
KALIMANTAN SELATAN,KOTA BANJAR BARU,6372,13738,21471
KALIMANTAN SELATAN,KOTA BANJARMASIN,6371,46297,78209
KALIMANTAN SELATAN,KOTA BARU,6302,19423,33908
KALIMANTAN SELATAN,TABALONG,6309,30135,26668
KALIMANTAN SELATAN,TANAH BUMBU,6310,20251,33624
KALIMANTAN SELATAN,TANAH LAUT,6301,20888,33777
KALIMANTAN SELATAN,TAPIN,6305,10478,11444
KALIMANTAN TENGAH,BARITO SELATAN,6204,10159,13145
KALIMANTAN TENGAH,BARITO TIMUR,6212,8781,7058
KALIMANTAN TENGAH,BARITO UTARA,6205,11408,10657
KALIMANTAN TENGAH,GUNUNG MAS,6211,3194,3560
KALIMANTAN TENGAH,KAPUAS,6203,49676,57286
KALIMANTAN TENGAH,KATINGAN,6209,12340,17948
KALIMANTAN TENGAH,KOTA PALANGKA RAYA,6271,13026,19552
KALIMANTAN TENGAH,KOTAWARINGIN BARAT,6201,11931,19476
KALIMANTAN TENGAH,KOTAWARINGIN TIMUR,6202,38659,57267
KALIMANTAN TENGAH,LAMANDAU,6207,4664,5514
KALIMANTAN TENGAH,MURUNG RAYA,6213,10400,13669
KALIMANTAN TENGAH,PULANG PISAU,6210,18801,19493
KALIMANTAN TENGAH,SERUYAN,6208,7614,13367
KALIMANTAN TENGAH,SUKAMARA,6206,3268,5138
KALIMANTAN TIMUR,BERAU,6405,10002,17604
KALIMANTAN TIMUR,KOTA BALIKPAPAN,6471,32067,58897
KALIMANTAN TIMUR,KOTA BONTANG,6474,9905,21505
KALIMANTAN TIMUR,KOTA SAMARINDA,6472,39144,59615
KALIMANTAN TIMUR,KUTAI BARAT,6402,15558,20802
KALIMANTAN TIMUR,KUTAI KARTANEGARA,6403,45090,75161
KALIMANTAN TIMUR,KUTAI TIMUR,6404,28604,48109
KALIMANTAN TIMUR,MAHAKAM HULU,6411,4324,4324
KALIMANTAN TIMUR,PASER,6401,26827,44096
KALIMANTAN TIMUR,PENAJAM PASER UTARA,6409,14731,26169
KALIMANTAN UTARA,BULUNGAN,6502,8494,11471
KALIMANTAN UTARA,KOTA TARAKAN,6571,14498,29184
KALIMANTAN UTARA,MALINAU,6501,8981,9677
KALIMANTAN UTARA,NUNUKAN,6504,20367,34051
KALIMANTAN UTARA,TANA TIDUNG,6503,965,1893
KEPULAUAN BANGKA BELITUNG,BANGKA,1901,20598,27421
KEPULAUAN BANGKA BELITUNG,BANGKA BARAT,1903,9404,13198
KEPULAUAN BANGKA BELITUNG,BANGKA SELATAN,1905,10546,15187
KEPULAUAN BANGKA BELITUNG,BANGKA TENGAH,1904,13430,20101
KEPULAUAN BANGKA BELITUNG,BELITUNG,1902,12587,16949
KEPULAUAN BANGKA BELITUNG,BELITUNG TIMUR,1906,10012,13297
KEPULAUAN BANGKA BELITUNG,KOTA PANGKAL PINANG,1971,10446,18378
KEPULAUAN RIAU,BINTAN,2102,8264,16390
KEPULAUAN RIAU,KARIMUN,2101,18950,30276
KEPULAUAN RIAU,KEPULAUAN ANAMBAS,2105,1022,2366
KEPULAUAN RIAU,KOTA BATAM,2171,43757,96235
KEPULAUAN RIAU,KOTA TANJUNG PINANG,2172,13966,22323
KEPULAUAN RIAU,LINGGA,2104,8535,15011
KEPULAUAN RIAU,NATUNA,2103,2609,7209
LAMPUNG,KOTA BANDAR LAMPUNG,1871,111006,194753
LAMPUNG,KOTA METRO,1872,12704,18098
LAMPUNG,LAMPUNG BARAT,1801,70753,41517
LAMPUNG,LAMPUNG SELATAN,1803,178697,264264
LAMPUNG,LAMPUNG TENGAH,1805,182185,208654
LAMPUNG,LAMPUNG TIMUR,1804,155310,192846
LAMPUNG,LAMPUNG UTARA,1806,105739,149769
LAMPUNG,MESUJI,1811,32063,37964
LAMPUNG,PESAWARAN,1809,85260,127328
LAMPUNG,PESISIR BARAT,1813,37985,37152
LAMPUNG,PRINGSEWU,1810,50676,74072
LAMPUNG,TANGGAMUS,1802,112233,130050
LAMPUNG,TULANG BAWANG BARAT,1812,33629,39437
LAMPUNG,TULANGBAWANG,1808,58602,82242
LAMPUNG,WAY KANAN,1807,75857,82592
MALUKU,BURU,8104,15167,23031
MALUKU,BURU SELATAN,8109,10949,16086
MALUKU,KEPULAUAN ARU,8105,14339,18623
MALUKU,KOTA AMBON,8171,23428,56321
MALUKU,KOTA TUAL,8172,7291,14433
MALUKU,MALUKU BARAT DAYA,8108,22247,21092
MALUKU,MALUKU TENGAH,8103,49951,113518
MALUKU,MALUKU TENGGARA,8102,16706,21318
MALUKU,MALUKU TENGGARA BARAT,8101,26482,28145
MALUKU,SERAM BAGIAN BARAT,8106,34246,56846
MALUKU,SERAM BAGIAN TIMUR,8107,14200,26303
MALUKU UTARA,HALMAHERA BARAT,8201,13466,16668
MALUKU UTARA,HALMAHERA SELATAN,8204,16294,30184
MALUKU UTARA,HALMAHERA TENGAH,8202,7273,11286
MALUKU UTARA,HALMAHERA TIMUR,8206,11816,14087
MALUKU UTARA,HALMAHERA UTARA,8205,10407,19215
MALUKU UTARA,KEPULAUAN SULA,8203,6000,13353
MALUKU UTARA,KOTA TERNATE,8271,5560,8769
MALUKU UTARA,KOTA TIDORE KEPULAUAN,8272,11232,13556
MALUKU UTARA,PULAU MOROTAI,8207,5859,10427
MALUKU UTARA,PULAU TALIABU,8208,3943,6162
NUSA TENGGARA BARAT,BIMA,5206,80476,127445
NUSA TENGGARA BARAT,DOMPU,5205,38293,64987
NUSA TENGGARA BARAT,KOTA BIMA,5272,19889,33968
NUSA TENGGARA BARAT,KOTA MATARAM,5271,48653,78360
NUSA TENGGARA BARAT,LOMBOK BARAT,5201,124156,195534
NUSA TENGGARA BARAT,LOMBOK TENGAH,5202,169624,293000
NUSA TENGGARA BARAT,LOMBOK TIMUR,5203,232017,412537
NUSA TENGGARA BARAT,LOMBOK UTARA,5208,51820,63866
NUSA TENGGARA BARAT,SUMBAWA,5204,61042,84091
NUSA TENGGARA BARAT,SUMBAWA BARAT,5207,18083,32401
NUSA TENGGARA TIMUR,ALOR,5307,58687,48752
NUSA TENGGARA TIMUR,BELU,5306,35876,47010
NUSA TENGGARA TIMUR,ENDE,5311,59469,53304
NUSA TENGGARA TIMUR,FLORES TIMUR,5309,44947,49135
NUSA TENGGARA TIMUR,KOTA KUPANG,5371,25622,55356
NUSA TENGGARA TIMUR,KUPANG,5303,72901,86794
NUSA TENGGARA TIMUR,LEMBATA,5308,27635,33074
NUSA TENGGARA TIMUR,MALAKA,5321,45811,48178
NUSA TENGGARA TIMUR,MANGGARAI,5313,81375,80430
NUSA TENGGARA TIMUR,MANGGARAI BARAT,5315,63533,76965
NUSA TENGGARA TIMUR,MANGGARAI TIMUR,5319,94320,77643
NUSA TENGGARA TIMUR,NAGEKEO,5318,26367,26145
NUSA TENGGARA TIMUR,NGADA,5312,27442,24797
NUSA TENGGARA TIMUR,ROTE NDAO,5314,31074,39713
NUSA TENGGARA TIMUR,SABU RAIJUA,5320,25270,31383
NUSA TENGGARA TIMUR,SIKKA,5310,70334,71783
NUSA TENGGARA TIMUR,SUMBA BARAT,5301,34434,41696
NUSA TENGGARA TIMUR,SUMBA BARAT DAYA,5317,128678,100578
NUSA TENGGARA TIMUR,SUMBA TENGAH,5316,25554,18039
NUSA TENGGARA TIMUR,SUMBA TIMUR,5302,58906,52935
NUSA TENGGARA TIMUR,TIMOR TENGAH SELATAN,5304,140732,140221
NUSA TENGGARA TIMUR,TIMOR TENGAH UTARA,5305,64614,51973
PAPUA,ASMAT,9415,24184,14901
PAPUA,BIAK NUMFOR,9409,22487,29334
PAPUA,BOVEN DIGOEL,9413,12085,7609
PAPUA,DEIYAI,9436,8693,1677
PAPUA,DOGIYAI,9434,7908,3630
PAPUA,INTAN JAYA,9435,446,137
PAPUA,JAYAPURA,9403,15288,20746
PAPUA,JAYAWIJAYA,9402,27621,4648
PAPUA,KEEROM,9420,11264,9354
PAPUA,KEPULAUAN YAPEN,9408,14477,13085
PAPUA,KOTA JAYAPURA,9471,18976,41962
PAPUA,LANNY JAYA,9430,12037,5349
PAPUA,MAMBERAMO RAYA,9428,1566,1564
PAPUA,MAMBERAMO TENGAH,9431,1713,352
PAPUA,MAPPI,9414,25731,17056
PAPUA,MERAUKE,9401,22547,30489
PAPUA,MIMIKA,9412,18556,28631
PAPUA,NABIRE,9404,14031,16835
PAPUA,NDUGA,9429,0,0
PAPUA,PANIAI,9410,16067,6473
PAPUA,PEGUNUNGAN BINTANG,9417,32873,8721
PAPUA,PUNCAK,9433,28170,4438
PAPUA,PUNCAK JAYA,9411,18586,4465
PAPUA,SARMI,9419,3910,4020
PAPUA,SUPIORI,9427,2952,5575
PAPUA,TOLIKARA,9418,10155,1731
PAPUA,WAROPEN,9426,1592,4302
PAPUA,YAHUKIMO,9416,24880,5744
PAPUA,YALIMO,9432,19963,3229
PAPUA BARAT,FAKFAK,9101,12339,20244
PAPUA BARAT,KAIMANA,9102,8818,9064
PAPUA BARAT,KOTA SORONG,9171,11085,38612
PAPUA BARAT,MANOKWARI,9105,19072,19599
PAPUA BARAT,MANOKWARI SELATAN,9111,9407,4211
PAPUA BARAT,MAYBRAT,9110,9370,4611
PAPUA BARAT,PEGUNUNGAN ARFAK,9112,15231,5538
PAPUA BARAT,RAJA AMPAT,9108,6267,14045
PAPUA BARAT,SORONG,9107,12404,17664
PAPUA BARAT,SORONG SELATAN,9106,8286,7724
PAPUA BARAT,TAMBRAUW,9109,4829,4418
PAPUA BARAT,TELUK BINTUNI,9104,8145,12780
PAPUA BARAT,TELUK WONDAMA,9103,4925,6173
RIAU,BENGKALIS,1408,41091,65972
RIAU,INDRAGIRI HILIR,1403,57543,94235
RIAU,INDRAGIRI HULU,1402,50090,75093
RIAU,KAMPAR,1406,73655,140104
RIAU,KEPULAUAN MERANTI,1410,41284,50496
RIAU,KOTA DUMAI,1473,20781,41796
RIAU,KOTA PEKANBARU,1471,37711,68644
RIAU,KUANTAN SINGINGI,1401,25368,41302
RIAU,PELALAWAN,1404,27725,44520
RIAU,ROKAN HILIR,1409,61680,132131
RIAU,ROKAN HULU,1407,36947,63336
RIAU,S I A K,1405,27654,52858
SULAWESI BARAT,MAJENE,7601,29062,49657
SULAWESI BARAT,MAMASA,7603,43527,38863
SULAWESI BARAT,MAMUJU,7604,31172,41586
SULAWESI BARAT,MAMUJU TENGAH,7606,11639,15291
SULAWESI BARAT,MAMUJU UTARA,7605,15909,23910
SULAWESI BARAT,POLEWALI MANDAR,7602,75089,94305
SULAWESI SELATAN,BANTAENG,7303,24825,34379
SULAWESI SELATAN,BARRU,7310,15420,41424
SULAWESI SELATAN,BONE,7311,120832,171493
SULAWESI SELATAN,BULUKUMBA,7302,42574,77154
SULAWESI SELATAN,ENREKANG,7316,36999,40594
SULAWESI SELATAN,GOWA,7306,95018,159259
SULAWESI SELATAN,JENEPONTO,7304,77380,110519
SULAWESI SELATAN,KEPULAUAN SELAYAR,7301,17146,28199
SULAWESI SELATAN,KOTA MAKASSAR,7371,59252,149589
SULAWESI SELATAN,KOTA PALOPO,7373,8350,24445
SULAWESI SELATAN,KOTA PAREPARE,7372,9329,18928
SULAWESI SELATAN,LUWU,7317,47906,86831
SULAWESI SELATAN,LUWU TIMUR,7325,26464,43129
SULAWESI SELATAN,LUWU UTARA,7322,53633,67230
SULAWESI SELATAN,MAROS,7308,38971,79067
SULAWESI SELATAN,PANGKAJENE DAN KEPULAUAN,7309,38403,86391
SULAWESI SELATAN,PINRANG,7315,27650,55411
SULAWESI SELATAN,SIDENRENG RAPPANG,7314,23658,53426
SULAWESI SELATAN,SINJAI,7307,32546,44370
SULAWESI SELATAN,SOPPENG,7312,26199,45746
SULAWESI SELATAN,TAKALAR,7305,41303,88590
SULAWESI SELATAN,TANA TORAJA,7318,57488,42396
SULAWESI SELATAN,TORAJA UTARA,7326,49547,52031
SULAWESI SELATAN,WAJO,7313,36126,68764
SULAWESI TENGAH,BANGGAI,7202,48486,70571
SULAWESI TENGAH,BANGGAI KEPULAUAN,7201,19707,23253
SULAWESI TENGAH,BANGGAI LAUT,7211,5363,9794
SULAWESI TENGAH,BUOL,7207,17685,37803
SULAWESI TENGAH,DONGGALA,7205,48610,79092
SULAWESI TENGAH,KOTA PALU,7271,19860,32262
SULAWESI TENGAH,MOROWALI,7203,11603,23833
SULAWESI TENGAH,MOROWALI UTARA,7212,16211,19554
SULAWESI TENGAH,PARIGI MOUTONG,7208,68065,103332
SULAWESI TENGAH,POSO,7204,43355,46144
SULAWESI TENGAH,SIGI,7210,39430,44432
SULAWESI TENGAH,TOJO UNA-UNA,7209,23640,34466
SULAWESI TENGAH,TOLI-TOLI,7206,24971,48969
SULAWESI TENGGARA,BOMBANA,7406,25985,35224
SULAWESI TENGGARA,BUTON,7401,16720,27177
SULAWESI TENGGARA,BUTON SELATAN,7415,14325,28288
SULAWESI TENGGARA,BUTON TENGAH,7414,16236,32416
SULAWESI TENGGARA,BUTON UTARA,7409,11192,14810
SULAWESI TENGGARA,KOLAKA,7404,20450,31586
SULAWESI TENGGARA,KOLAKA TIMUR,7411,18566,17135
SULAWESI TENGGARA,KOLAKA UTARA,7408,33780,30236
SULAWESI TENGGARA,KONAWE,7403,33255,48537
SULAWESI TENGGARA,KONAWE KEPULAUAN,7412,9592,11068
SULAWESI TENGGARA,KONAWE SELATAN,7405,36825,51847
SULAWESI TENGGARA,KONAWE UTARA,7410,9686,13855
SULAWESI TENGGARA,KOTA BAUBAU,7472,17108,33084
SULAWESI TENGGARA,KOTA KENDARI,7471,23730,49717
SULAWESI TENGGARA,MUNA,7402,40817,54850
SULAWESI TENGGARA,MUNA BARAT,7413,21135,22081
SULAWESI TENGGARA,WAKATOBI,7407,12946,18090
SULAWESI UTARA,BOLAANG MONGONDOW,7101,34620,61177
SULAWESI UTARA,BOLAANG MONGONDOW SELATAN,7110,6462,14801
SULAWESI UTARA,BOLAANG MONGONDOW TIMUR,7111,7036,11892
SULAWESI UTARA,BOLAANG MONGONDOW UTARA,7107,8534,17531
SULAWESI UTARA,KEPULAUAN SANGIHE,7103,15382,23118
SULAWESI UTARA,KEPULAUAN TALAUD,7104,14915,16047
SULAWESI UTARA,KOTA BITUNG,7172,15359,33112
SULAWESI UTARA,KOTA MANADO,7171,21813,48948
SULAWESI UTARA,KOTA TOMOHON,7173,10116,17485
SULAWESI UTARA,KOTAMOBAGU,7174,11252,19505
SULAWESI UTARA,MINAHASA,7102,26798,54508
SULAWESI UTARA,MINAHASA SELATAN,7105,32112,58755
SULAWESI UTARA,MINAHASA TENGGARA,7109,12602,20998
SULAWESI UTARA,MINAHASA UTARA,7106,21586,41721
SULAWESI UTARA,SIAU TAGULANDANG BIARO,7108,3559,6383
SUMATERA BARAT,AGAM,1307,32599,52616
SUMATERA BARAT,DHARMASRAYA,1311,10652,15890
SUMATERA BARAT,KEPULAUAN MENTAWAI,1301,17133,18825
SUMATERA BARAT,KOTA BUKITTINGGI,1375,5941,9378
SUMATERA BARAT,KOTA PADANG,1371,56521,125683
SUMATERA BARAT,KOTA PADANG PANJANG,1374,3260,4357
SUMATERA BARAT,KOTA PARIAMAN,1377,6920,12619
SUMATERA BARAT,KOTA PAYAKUMBUH,1376,11027,15432
SUMATERA BARAT,KOTA SAWAH LUNTO,1373,2595,3313
SUMATERA BARAT,KOTA SOLOK,1372,3743,6479
SUMATERA BARAT,LIMA PULUH KOTA,1308,49116,63035
SUMATERA BARAT,PADANG PARIAMAN,1306,34123,82359
SUMATERA BARAT,PASAMAN,1309,43972,57875
SUMATERA BARAT,PASAMAN BARAT,1312,59045,89284
SUMATERA BARAT,PESISIR SELATAN,1302,50471,113797
SUMATERA BARAT,SIJUNJUNG,1304,16427,29214
SUMATERA BARAT,SOLOK,1303,53422,70255
SUMATERA BARAT,SOLOK SELATAN,1310,15592,25237
SUMATERA BARAT,TANAH DATAR,1305,30990,46690
SUMATERA SELATAN,BANYU ASIN,1607,129623,171673
SUMATERA SELATAN,EMPAT LAWANG,1611,39627,38995
SUMATERA SELATAN,KOTA LUBUKLINGGAU,1674,16652,28538
SUMATERA SELATAN,KOTA PAGAR ALAM,1673,18239,15431
SUMATERA SELATAN,KOTA PALEMBANG,1671,115645,240414
SUMATERA SELATAN,KOTA PRABUMULIH,1672,17553,20868
SUMATERA SELATAN,LAHAT,1604,65564,67858
SUMATERA SELATAN,MUARA ENIM,1603,96577,102666
SUMATERA SELATAN,MUSI BANYUASIN,1606,89103,95974
SUMATERA SELATAN,MUSI RAWAS,1605,70471,69503
SUMATERA SELATAN,MUSI RAWAS UTARA,1613,29465,30839
SUMATERA SELATAN,OGAN ILIR,1610,81548,81999
SUMATERA SELATAN,OGAN KOMERING ILIR,1602,117804,132801
SUMATERA SELATAN,OGAN KOMERING ULU,1601,39040,47379
SUMATERA SELATAN,OGAN KOMERING ULU SELATAN,1608,83287,62013
SUMATERA SELATAN,OGAN KOMERING ULU TIMUR,1609,54121,68028
SUMATERA SELATAN,PENUKAL ABAB LEMATANG ILIR,1612,33693,31299
SUMATERA UTARA,ASAHAN,1208,43675,87937
SUMATERA UTARA,BATU BARA,1219,50450,109973
SUMATERA UTARA,DAIRI,1210,45191,27018
SUMATERA UTARA,DELI SERDANG,1212,119509,251104
SUMATERA UTARA,HUMBANG HASUNDUTAN,1215,35675,15365
SUMATERA UTARA,KARO,1211,51815,41515
SUMATERA UTARA,KOTA BINJAI,1276,21599,35878
SUMATERA UTARA,KOTA GUNUNGSITOLI,1278,26444,34538
SUMATERA UTARA,KOTA MEDAN,1275,152117,280817
SUMATERA UTARA,KOTA PADANGSIDIMPUAN,1277,17436,24402
SUMATERA UTARA,KOTA PEMATANG SIANTAR,1273,25972,40464
SUMATERA UTARA,KOTA SIBOLGA,1271,8117,15082
SUMATERA UTARA,KOTA TANJUNG BALAI,1272,20679,41374
SUMATERA UTARA,KOTA TEBING TINGGI,1274,14565,25843
SUMATERA UTARA,LABUHAN BATU,1207,27278,63284
SUMATERA UTARA,LABUHAN BATU SELATAN,1222,13978,23985
SUMATERA UTARA,LABUHAN BATU UTARA,1223,24181,52505
SUMATERA UTARA,LANGKAT,1213,114457,229181
SUMATERA UTARA,MANDAILING NATAL,1202,48744,76427
SUMATERA UTARA,NIAS,1201,54699,41536
SUMATERA UTARA,NIAS BARAT,1225,33924,27421
SUMATERA UTARA,NIAS SELATAN,1214,112085,76578
SUMATERA UTARA,NIAS UTARA,1224,46929,50943
SUMATERA UTARA,PADANG LAWAS,1221,33474,39485
SUMATERA UTARA,PADANG LAWAS UTARA,1220,22564,26879
SUMATERA UTARA,PAKPAK BHARAT,1216,5947,5096
SUMATERA UTARA,SAMOSIR,1217,21955,9856
SUMATERA UTARA,SERDANG BEDAGAI,1218,47095,91312
SUMATERA UTARA,SIMALUNGUN,1209,67939,84736
SUMATERA UTARA,TAPANULI SELATAN,1203,35756,35060
SUMATERA UTARA,TAPANULI TENGAH,1204,54921,65013
SUMATERA UTARA,TAPANULI UTARA,1205,63399,37950
SUMATERA UTARA,TOBA SAMOSIR,1206,22110,15123
