Provinsi,NamaKab/Kota,Jamban Bersama/Umum,Jamban Sendiri,Tidak ada
ACEH,ACEH BARAT,1464,8719,9759
ACEH,ACEH BARAT DAYA,5215,3087,9771
ACEH,ACEH BESAR,6803,24440,8268
ACEH,ACEH JAYA,1785,3392,2775
ACEH,ACEH SELATAN,2627,9889,16879
ACEH,ACEH SINGKIL,2456,7060,2951
ACEH,ACEH TAMIANG,3401,22018,3336
ACEH,ACEH TENGAH,5594,10096,4109
ACEH,ACEH TENGGARA,1877,2529,11180
ACEH,ACEH TIMUR,5246,23405,18938
ACEH,ACEH UTARA,14308,33661,32649
ACEH,BENER MERIAH,3007,4987,1484
ACEH,BIREUEN,8937,28539,15746
ACEH,GAYO LUES,2083,834,4957
ACEH,KOTA BANDA ACEH,1182,7206,32
ACEH,KOTA LANGSA,2533,6250,907
ACEH,KOTA LHOKSEUMAWE,1911,8242,2030
ACEH,KOTA SABANG,600,1345,308
ACEH,KOTA SUBULUSSALAM,1063,4339,1908
ACEH,NAGAN RAYA,1720,7916,10101
ACEH,PIDIE,14137,11232,24737
ACEH,PIDIE JAYA,4655,6808,7520
ACEH,SIMEULUE,1037,3599,7130
BALI,BADUNG,3390,7507,1404
BALI,BANGLI,4024,5162,8130
BALI,BULELENG,14068,29508,18406
BALI,GIANYAR,5702,10152,3245
BALI,JEMBRANA,5062,7493,5155
BALI,KARANG ASEM,5163,12340,20933
BALI,KLUNGKUNG,2427,4418,4344
BALI,KOTA DENPASAR,1588,2991,138
BALI,TABANAN,4936,19528,4695
BANTEN,KOTA CILEGON,1024,9885,2972
BANTEN,KOTA SERANG,1686,7247,11556
BANTEN,KOTA TANGERANG,13687,52956,1922
BANTEN,KOTA TANGERANG SELATAN,2717,31555,181
BANTEN,LEBAK,14200,23328,67674
BANTEN,PANDEGLANG,11432,33918,67992
BANTEN,SERANG,5794,18149,45370
BANTEN,TANGERANG,56523,104857,67965
BENGKULU,BENGKULU SELATAN,1128,5282,5827
BENGKULU,BENGKULU TENGAH,1838,5538,5029
BENGKULU,BENGKULU UTARA,3228,8229,10720
BENGKULU,KAUR,1062,5708,5377
BENGKULU,KEPAHIANG,865,6750,3171
BENGKULU,KOTA BENGKULU,2658,16967,672
BENGKULU,LEBONG,415,2677,7128
BENGKULU,MUKOMUKO,1801,7882,3599
BENGKULU,REJANG LEBONG,3623,13345,10956
BENGKULU,SELUMA,1708,10112,8145
DI YOGYAKARTA,BANTUL,23401,68192,7006
DI YOGYAKARTA,GUNUNG KIDUL,11368,83454,2385
DI YOGYAKARTA,KOTA YOGYAKARTA,12225,13567,335
DI YOGYAKARTA,KULON PROGO,9409,32230,2517
DI YOGYAKARTA,SLEMAN,18293,72620,10533
DKI JAKARTA,KEPULAUAN SERIBU,546,1094,112
DKI JAKARTA,KOTA JAKARTA BARAT,20048,32692,231
DKI JAKARTA,KOTA JAKARTA PUSAT,19272,15491,38
DKI JAKARTA,KOTA JAKARTA SELATAN,11702,26356,18
DKI JAKARTA,KOTA JAKARTA TIMUR,21569,45834,321
DKI JAKARTA,KOTA JAKARTA UTARA,28834,39242,1387
GORONTALO,BOALEMO,3375,2422,8939
GORONTALO,BONE BOLANGO,3449,2098,8563
GORONTALO,GORONTALO,11102,9755,23872
GORONTALO,GORONTALO UTARA,1901,1082,8990
GORONTALO,KOTA GORONTALO,5573,5337,2096
GORONTALO,POHUWATO,2471,1882,7005
JAMBI,BATANG HARI,5511,10786,4738
JAMBI,BUNGO,1880,6891,8727
JAMBI,KERINCI,7081,10082,11296
JAMBI,KOTA JAMBI,3580,27050,1078
JAMBI,KOTA SUNGAI PENUH,1102,2080,2283
JAMBI,MERANGIN,2997,9359,10785
JAMBI,MUARO JAMBI,3644,9730,4163
JAMBI,SAROLANGUN,2774,11113,8786
JAMBI,TANJUNG JABUNG BARAT,2799,15308,6730
JAMBI,TANJUNG JABUNG TIMUR,1489,12265,3165
JAMBI,TEBO,2467,11429,6835
JAWA BARAT,BANDUNG,137184,170333,19514
JAWA BARAT,BANDUNG BARAT,53948,82104,5970
JAWA BARAT,BEKASI,45839,65556,47456
JAWA BARAT,BOGOR,68638,164735,85640
JAWA BARAT,CIAMIS,40238,69971,40921
JAWA BARAT,CIANJUR,123662,141579,39196
JAWA BARAT,CIREBON,57678,138029,54093
JAWA BARAT,GARUT,161230,123668,30509
JAWA BARAT,INDRAMAYU,33060,150772,53567
JAWA BARAT,KARAWANG,47718,59836,112101
JAWA BARAT,KOTA BANDUNG,55410,61139,659
JAWA BARAT,KOTA BANJAR,3435,7153,1246
JAWA BARAT,KOTA BEKASI,7897,87164,453
JAWA BARAT,KOTA BOGOR,13990,52352,4964
JAWA BARAT,KOTA CIMAHI,10489,14807,270
JAWA BARAT,KOTA CIREBON,5984,19285,901
JAWA BARAT,KOTA DEPOK,4677,68963,637
JAWA BARAT,KOTA SUKABUMI,5898,15693,997
JAWA BARAT,KOTA TASIKMALAYA,16822,39498,10415
JAWA BARAT,KUNINGAN,9332,87606,11794
JAWA BARAT,MAJALENGKA,33064,84240,20712
JAWA BARAT,PANGANDARAN,8609,22154,12664
JAWA BARAT,PURWAKARTA,14168,34594,10887
JAWA BARAT,SUBANG,24904,72306,33691
JAWA BARAT,SUKABUMI,82186,102941,50354
JAWA BARAT,SUMEDANG,27639,59004,10278
JAWA BARAT,TASIKMALAYA,98747,61011,52046
JAWA TENGAH,BANJARNEGARA,20463,39211,46506
JAWA TENGAH,BANYUMAS,40166,117709,63576
JAWA TENGAH,BATANG,9224,35626,30146
JAWA TENGAH,BLORA,24037,70135,17488
JAWA TENGAH,BOYOLALI,27903,56045,12864
JAWA TENGAH,BREBES,29813,136283,97882
JAWA TENGAH,CILACAP,43119,127393,38825
JAWA TENGAH,DEMAK,37456,86148,26684
JAWA TENGAH,GROBOGAN,42656,120269,26745
JAWA TENGAH,JEPARA,49013,87167,15572
JAWA TENGAH,KARANGANYAR,11737,58146,7269
JAWA TENGAH,KEBUMEN,21634,100026,34990
JAWA TENGAH,KENDAL,15380,49817,32353
JAWA TENGAH,KLATEN,37701,106244,24549
JAWA TENGAH,KOTA MAGELANG,2002,6639,496
JAWA TENGAH,KOTA PEKALONGAN,7883,19599,2144
JAWA TENGAH,KOTA SALATIGA,2036,6792,342
JAWA TENGAH,KOTA SEMARANG,20859,54891,2233
JAWA TENGAH,KOTA SURAKARTA,21878,18972,217
JAWA TENGAH,KOTA TEGAL,7067,12748,2175
JAWA TENGAH,KUDUS,6696,45674,5281
JAWA TENGAH,MAGELANG,41022,83105,29450
JAWA TENGAH,PATI,37578,118695,21552
JAWA TENGAH,PEKALONGAN,14988,54440,33677
JAWA TENGAH,PEMALANG,20808,91578,56112
JAWA TENGAH,PURBALINGGA,15257,63267,39126
JAWA TENGAH,PURWOREJO,17444,47829,16223
JAWA TENGAH,REMBANG,13312,56222,21636
JAWA TENGAH,SEMARANG,13493,47998,12104
JAWA TENGAH,SRAGEN,22695,51735,7166
JAWA TENGAH,SUKOHARJO,22661,55712,6267
JAWA TENGAH,TEGAL,22072,97364,47633
JAWA TENGAH,TEMANGGUNG,20822,48822,11593
JAWA TENGAH,WONOGIRI,11026,77526,4784
JAWA TENGAH,WONOSOBO,38696,42918,6423
JAWA TIMUR,BANGKALAN,27481,87036,13572
JAWA TIMUR,BANYUWANGI,22095,78957,81638
JAWA TIMUR,BLITAR,19187,75469,17645
JAWA TIMUR,BOJONEGORO,29850,86927,47844
JAWA TIMUR,BONDOWOSO,29125,13281,109942
JAWA TIMUR,GRESIK,11237,79871,4713
JAWA TIMUR,JEMBER,36551,70788,187950
JAWA TIMUR,JOMBANG,26855,90280,34945
JAWA TIMUR,KEDIRI,30369,93987,30726
JAWA TIMUR,KOTA BATU,1190,9430,900
JAWA TIMUR,KOTA BLITAR,1261,5500,392
JAWA TIMUR,KOTA KEDIRI,4916,15600,712
JAWA TIMUR,KOTA MADIUN,1763,5642,123
JAWA TIMUR,KOTA MALANG,4686,24348,2143
JAWA TIMUR,KOTA MOJOKERTO,1735,4830,408
JAWA TIMUR,KOTA PASURUAN,3661,7953,2721
JAWA TIMUR,KOTA PROBOLINGGO,4197,9660,3689
JAWA TIMUR,KOTA SURABAYA,57482,90826,828
JAWA TIMUR,LAMONGAN,15743,76298,23139
JAWA TIMUR,LUMAJANG,23164,70845,38687
JAWA TIMUR,MADIUN,16087,44326,12804
JAWA TIMUR,MAGETAN,8407,46381,6940
JAWA TIMUR,MALANG,37010,149832,25572
JAWA TIMUR,MOJOKERTO,13046,41669,25114
JAWA TIMUR,NGANJUK,38635,86408,21148
JAWA TIMUR,NGAWI,31596,65727,21462
JAWA TIMUR,PACITAN,7057,46279,949
JAWA TIMUR,PAMEKASAN,52774,53132,18621
JAWA TIMUR,PASURUAN,47088,66832,84649
JAWA TIMUR,PONOROGO,24939,72068,13028
JAWA TIMUR,PROBOLINGGO,41698,36290,106365
JAWA TIMUR,SAMPANG,32283,74125,29862
JAWA TIMUR,SIDOARJO,17353,75003,24880
JAWA TIMUR,SITUBONDO,19922,10799,78471
JAWA TIMUR,SUMENEP,62784,54056,63721
JAWA TIMUR,TRENGGALEK,17726,48868,16483
JAWA TIMUR,TUBAN,21399,55686,47761
JAWA TIMUR,TULUNGAGUNG,20880,65458,10682
KALIMANTAN BARAT,BENGKAYANG,801,7190,9452
KALIMANTAN BARAT,KAPUAS HULU,4472,9616,12473
KALIMANTAN BARAT,KAYONG UTARA,233,4182,4191
KALIMANTAN BARAT,KETAPANG,6315,15422,18163
KALIMANTAN BARAT,KOTA PONTIANAK,3895,18673,883
KALIMANTAN BARAT,KOTA SINGKAWANG,1571,9034,3189
KALIMANTAN BARAT,KUBU RAYA,4663,30953,15157
KALIMANTAN BARAT,LANDAK,2783,15175,28293
KALIMANTAN BARAT,MELAWI,6956,4103,6203
KALIMANTAN BARAT,MEMPAWAH,1236,16833,7968
KALIMANTAN BARAT,SAMBAS,4598,24350,12152
KALIMANTAN BARAT,SANGGAU,4242,9535,17213
KALIMANTAN BARAT,SEKADAU,878,2432,5714
KALIMANTAN BARAT,SINTANG,8020,15222,19682
KALIMANTAN SELATAN,BALANGAN,1696,3177,2559
KALIMANTAN SELATAN,BANJAR,12614,7805,3644
KALIMANTAN SELATAN,BARITO KUALA,10411,7020,740
KALIMANTAN SELATAN,HULU SUNGAI SELATAN,11376,6912,3223
KALIMANTAN SELATAN,HULU SUNGAI TENGAH,8410,11589,6531
KALIMANTAN SELATAN,HULU SUNGAI UTARA,12666,11064,2270
KALIMANTAN SELATAN,KOTA BANJAR BARU,1910,8451,420
KALIMANTAN SELATAN,KOTA BANJARMASIN,13756,22841,36
KALIMANTAN SELATAN,KOTA BARU,1675,6072,6986
KALIMANTAN SELATAN,TABALONG,3676,11006,4568
KALIMANTAN SELATAN,TANAH BUMBU,2973,11036,2748
KALIMANTAN SELATAN,TANAH LAUT,5655,9036,2907
KALIMANTAN SELATAN,TAPIN,4070,1463,900
KALIMANTAN TENGAH,BARITO SELATAN,4430,1634,1048
KALIMANTAN TENGAH,BARITO TIMUR,1291,2453,1374
KALIMANTAN TENGAH,BARITO UTARA,2654,2616,1970
KALIMANTAN TENGAH,GUNUNG MAS,752,252,439
KALIMANTAN TENGAH,KAPUAS,15484,8477,6637
KALIMANTAN TENGAH,KATINGAN,5856,3357,15
KALIMANTAN TENGAH,KOTA PALANGKA RAYA,2140,6627,375
KALIMANTAN TENGAH,KOTAWARINGIN BARAT,2540,6159,1143
KALIMANTAN TENGAH,KOTAWARINGIN TIMUR,11050,10737,6273
KALIMANTAN TENGAH,LAMANDAU,1144,1263,718
KALIMANTAN TENGAH,MURUNG RAYA,2793,659,2239
KALIMANTAN TENGAH,PULANG PISAU,3525,5485,1998
KALIMANTAN TENGAH,SERUYAN,2958,3058,739
KALIMANTAN TENGAH,SUKAMARA,658,1167,810
KALIMANTAN TIMUR,BERAU,530,5163,2276
KALIMANTAN TIMUR,KOTA BALIKPAPAN,2461,21563,669
KALIMANTAN TIMUR,KOTA BONTANG,995,6103,342
KALIMANTAN TIMUR,KOTA SAMARINDA,3815,22758,741
KALIMANTAN TIMUR,KUTAI BARAT,2914,4680,2556
KALIMANTAN TIMUR,KUTAI KARTANEGARA,6347,26140,3332
KALIMANTAN TIMUR,KUTAI TIMUR,4326,14402,3606
KALIMANTAN TIMUR,MAHAKAM HULU,501,780,832
KALIMANTAN TIMUR,PASER,1436,16284,3706
KALIMANTAN TIMUR,PENAJAM PASER UTARA,1226,7747,1530
KALIMANTAN UTARA,BULUNGAN,709,3575,1111
KALIMANTAN UTARA,KOTA TARAKAN,926,8405,849
KALIMANTAN UTARA,MALINAU,253,2806,1595
KALIMANTAN UTARA,NUNUKAN,2512,5935,4453
KALIMANTAN UTARA,TANA TIDUNG,122,347,224
KEPULAUAN BANGKA BELITUNG,BANGKA,631,10652,3731
KEPULAUAN BANGKA BELITUNG,BANGKA BARAT,264,2623,3312
KEPULAUAN BANGKA BELITUNG,BANGKA SELATAN,510,4487,3048
KEPULAUAN BANGKA BELITUNG,BANGKA TENGAH,701,7679,1950
KEPULAUAN BANGKA BELITUNG,BELITUNG,1045,5681,3222
KEPULAUAN BANGKA BELITUNG,BELITUNG TIMUR,597,4130,2687
KEPULAUAN BANGKA BELITUNG,KOTA PANGKAL PINANG,454,7878,310
KEPULAUAN RIAU,BINTAN,477,5004,450
KEPULAUAN RIAU,KARIMUN,1067,10496,2206
KEPULAUAN RIAU,KEPULAUAN ANAMBAS,39,627,39
KEPULAUAN RIAU,KOTA BATAM,2329,36864,710
KEPULAUAN RIAU,KOTA TANJUNG PINANG,894,9139,184
KEPULAUAN RIAU,LINGGA,591,5466,1145
KEPULAUAN RIAU,NATUNA,96,1731,753
LAMPUNG,KOTA BANDAR LAMPUNG,17128,59324,4198
LAMPUNG,KOTA METRO,1538,6845,132
LAMPUNG,LAMPUNG BARAT,3235,23930,6280
LAMPUNG,LAMPUNG SELATAN,23982,94631,13521
LAMPUNG,LAMPUNG TENGAH,23954,95848,3098
LAMPUNG,LAMPUNG TIMUR,16006,91335,1775
LAMPUNG,LAMPUNG UTARA,9219,58509,5731
LAMPUNG,MESUJI,3512,18544,167
LAMPUNG,PESAWARAN,8885,34060,18976
LAMPUNG,PESISIR BARAT,2009,8889,8732
LAMPUNG,PRINGSEWU,9315,20375,6802
LAMPUNG,TANGGAMUS,7897,29993,28221
LAMPUNG,TULANG BAWANG BARAT,3514,18777,454
LAMPUNG,TULANGBAWANG,5628,35298,930
LAMPUNG,WAY KANAN,8210,33883,4948
MALUKU,BURU,998,2482,5050
MALUKU,BURU SELATAN,883,1160,3690
MALUKU,KEPULAUAN ARU,2294,701,3705
MALUKU,KOTA AMBON,4194,11793,3079
MALUKU,KOTA TUAL,687,2100,1560
MALUKU,MALUKU BARAT DAYA,1670,3429,4945
MALUKU,MALUKU TENGAH,4363,16755,16414
MALUKU,MALUKU TENGGARA,611,2719,3628
MALUKU,MALUKU TENGGARA BARAT,2667,4061,5022
MALUKU,SERAM BAGIAN BARAT,3758,4781,11290
MALUKU,SERAM BAGIAN TIMUR,380,775,7830
MALUKU UTARA,HALMAHERA BARAT,3020,1588,2555
MALUKU UTARA,HALMAHERA SELATAN,3209,1911,4406
MALUKU UTARA,HALMAHERA TENGAH,1273,1276,1499
MALUKU UTARA,HALMAHERA TIMUR,2129,1548,2600
MALUKU UTARA,HALMAHERA UTARA,3556,1204,1743
MALUKU UTARA,KEPULAUAN SULA,558,1407,2382
MALUKU UTARA,KOTA TERNATE,761,2330,428
MALUKU UTARA,KOTA TIDORE KEPULAUAN,1955,3283,839
MALUKU UTARA,PULAU MOROTAI,965,158,2385
MALUKU UTARA,PULAU TALIABU,214,587,1693
NUSA TENGGARA BARAT,BIMA,12808,17041,32066
NUSA TENGGARA BARAT,DOMPU,5067,7902,17738
NUSA TENGGARA BARAT,KOTA BIMA,6285,4994,4361
NUSA TENGGARA BARAT,KOTA MATARAM,15570,14545,5605
NUSA TENGGARA BARAT,LOMBOK BARAT,21134,28553,53578
NUSA TENGGARA BARAT,LOMBOK TENGAH,28671,55920,78735
NUSA TENGGARA BARAT,LOMBOK TIMUR,49404,83142,87703
NUSA TENGGARA BARAT,LOMBOK UTARA,6299,11975,18247
NUSA TENGGARA BARAT,SUMBAWA,4432,14768,23609
NUSA TENGGARA BARAT,SUMBAWA BARAT,2070,8065,4446
NUSA TENGGARA TIMUR,ALOR,4214,13623,8340
NUSA TENGGARA TIMUR,BELU,4571,10595,5802
NUSA TENGGARA TIMUR,ENDE,7178,13131,7449
NUSA TENGGARA TIMUR,FLORES TIMUR,2737,14373,5012
NUSA TENGGARA TIMUR,KOTA KUPANG,6512,12807,240
NUSA TENGGARA TIMUR,KUPANG,3457,28483,3940
NUSA TENGGARA TIMUR,LEMBATA,1583,13871,1753
NUSA TENGGARA TIMUR,MALAKA,4495,6489,11371
NUSA TENGGARA TIMUR,MANGGARAI,4614,19562,12512
NUSA TENGGARA TIMUR,MANGGARAI BARAT,5273,15147,13796
NUSA TENGGARA TIMUR,MANGGARAI TIMUR,3031,28958,7673
NUSA TENGGARA TIMUR,NAGEKEO,1267,7370,2612
NUSA TENGGARA TIMUR,NGADA,1068,8596,2210
NUSA TENGGARA TIMUR,ROTE NDAO,1243,7197,10171
NUSA TENGGARA TIMUR,SABU RAIJUA,1841,10029,2817
NUSA TENGGARA TIMUR,SIKKA,3630,19413,11198
NUSA TENGGARA TIMUR,SUMBA BARAT,1107,5019,9887
NUSA TENGGARA TIMUR,SUMBA BARAT DAYA,1629,24600,19904
NUSA TENGGARA TIMUR,SUMBA TENGAH,326,6702,2423
NUSA TENGGARA TIMUR,SUMBA TIMUR,2392,8642,14825
NUSA TENGGARA TIMUR,TIMOR TENGAH SELATAN,7709,65952,1674
NUSA TENGGARA TIMUR,TIMOR TENGAH UTARA,3380,23941,4062
PAPUA,ASMAT,1073,1381,9430
PAPUA,BIAK NUMFOR,3279,9759,813
PAPUA,BOVEN DIGOEL,329,738,4279
PAPUA,DEIYAI,5,2947,39
PAPUA,DOGIYAI,298,1476,2809
PAPUA,INTAN JAYA,0,201,5
PAPUA,JAYAPURA,2576,3402,3357
PAPUA,JAYAWIJAYA,686,1169,11291
PAPUA,KEEROM,714,4369,1141
PAPUA,KEPULAUAN YAPEN,3850,3742,474
PAPUA,KOTA JAYAPURA,6344,8928,906
PAPUA,LANNY JAYA,114,2986,2529
PAPUA,MAMBERAMO RAYA,21,285,382
PAPUA,MAMBERAMO TENGAH,13,252,422
PAPUA,MAPPI,1072,2428,6930
PAPUA,MERAUKE,2429,9609,1025
PAPUA,MIMIKA,3107,7102,3043
PAPUA,NABIRE,1504,6086,1694
PAPUA,NDUGA,0,0,0
PAPUA,PANIAI,42,6839,2
PAPUA,PEGUNUNGAN BINTANG,2964,5192,4693
PAPUA,PUNCAK,83,89,11154
PAPUA,PUNCAK JAYA,644,686,5652
PAPUA,SARMI,123,1077,863
PAPUA,SUPIORI,158,1552,322
PAPUA,TOLIKARA,137,169,3980
PAPUA,WAROPEN,427,1132,44
PAPUA,YAHUKIMO,679,47,9250
PAPUA,YALIMO,175,2320,2396
PAPUA BARAT,FAKFAK,2814,4228,1038
PAPUA BARAT,KAIMANA,1942,1155,1427
PAPUA BARAT,KOTA SORONG,5262,6244,468
PAPUA BARAT,MANOKWARI,2544,6527,1675
PAPUA BARAT,MANOKWARI SELATAN,1528,1224,941
PAPUA BARAT,MAYBRAT,2686,1206,338
PAPUA BARAT,PEGUNUNGAN ARFAK,1508,2513,2835
PAPUA BARAT,RAJA AMPAT,2580,1266,460
PAPUA BARAT,SORONG,2850,4602,585
PAPUA BARAT,SORONG SELATAN,1448,261,1629
PAPUA BARAT,TAMBRAUW,1137,510,688
PAPUA BARAT,TELUK BINTUNI,1456,1915,1597
PAPUA BARAT,TELUK WONDAMA,1580,495,491
RIAU,BENGKALIS,1683,24718,2642
RIAU,INDRAGIRI HILIR,4090,23244,13000
RIAU,INDRAGIRI HULU,2952,21526,9386
RIAU,KAMPAR,5583,42310,9578
RIAU,KEPULAUAN MERANTI,1130,19925,2564
RIAU,KOTA DUMAI,1031,14388,463
RIAU,KOTA PEKANBARU,3629,22595,764
RIAU,KUANTAN SINGINGI,1624,9913,8133
RIAU,PELALAWAN,2382,14133,3632
RIAU,ROKAN HILIR,4795,43758,1942
RIAU,ROKAN HULU,3135,18429,7952
RIAU,S I A K,1565,19101,1384
SULAWESI BARAT,MAJENE,3647,5350,9107
SULAWESI BARAT,MAMASA,4810,6170,9738
SULAWESI BARAT,MAMUJU,1679,3728,13171
SULAWESI BARAT,MAMUJU TENGAH,690,2216,3989
SULAWESI BARAT,MAMUJU UTARA,1087,2771,6110
SULAWESI BARAT,POLEWALI MANDAR,6316,13733,22886
SULAWESI SELATAN,BANTAENG,3245,5723,7870
SULAWESI SELATAN,BARRU,1840,9770,4915
SULAWESI SELATAN,BONE,6769,41585,31801
SULAWESI SELATAN,BULUKUMBA,3158,22541,9834
SULAWESI SELATAN,ENREKANG,2699,11522,5598
SULAWESI SELATAN,GOWA,10337,47632,12056
SULAWESI SELATAN,JENEPONTO,7055,16591,27963
SULAWESI SELATAN,KEPULAUAN SELAYAR,855,4181,8539
SULAWESI SELATAN,KOTA MAKASSAR,17347,30330,2838
SULAWESI SELATAN,KOTA PALOPO,1189,3801,2285
SULAWESI SELATAN,KOTA PAREPARE,2413,3714,1008
SULAWESI SELATAN,LUWU,2301,10468,20927
SULAWESI SELATAN,LUWU TIMUR,2777,10025,5711
SULAWESI SELATAN,LUWU UTARA,3749,16196,12018
SULAWESI SELATAN,MAROS,4726,12934,12828
SULAWESI SELATAN,PANGKAJENE DAN KEPULAUAN,5224,9629,17234
SULAWESI SELATAN,PINRANG,1084,14383,7540
SULAWESI SELATAN,SIDENRENG RAPPANG,4707,10909,5814
SULAWESI SELATAN,SINJAI,1746,12115,7010
SULAWESI SELATAN,SOPPENG,2735,15318,3599
SULAWESI SELATAN,TAKALAR,6830,15932,11376
SULAWESI SELATAN,TANA TORAJA,2234,17290,4733
SULAWESI SELATAN,TORAJA UTARA,3923,16156,3586
SULAWESI SELATAN,WAJO,3087,19065,7732
SULAWESI TENGAH,BANGGAI,4672,13476,16984
SULAWESI TENGAH,BANGGAI KEPULAUAN,2242,3940,6009
SULAWESI TENGAH,BANGGAI LAUT,1015,1122,2132
SULAWESI TENGAH,BUOL,1602,4231,7568
SULAWESI TENGAH,DONGGALA,3107,6341,22848
SULAWESI TENGAH,KOTA PALU,4168,7078,1957
SULAWESI TENGAH,MOROWALI,729,5213,4070
SULAWESI TENGAH,MOROWALI UTARA,800,5003,4088
SULAWESI TENGAH,PARIGI MOUTONG,4464,8645,30878
SULAWESI TENGAH,POSO,3784,15265,5188
SULAWESI TENGAH,SIGI,3159,4605,14319
SULAWESI TENGAH,TOJO UNA-UNA,1795,3140,9418
SULAWESI TENGAH,TOLI-TOLI,2227,3948,13074
SULAWESI TENGGARA,BOMBANA,1462,5778,9323
SULAWESI TENGGARA,BUTON,1866,3758,4842
SULAWESI TENGGARA,BUTON SELATAN,1797,4194,3586
SULAWESI TENGGARA,BUTON TENGAH,1455,6171,5338
SULAWESI TENGGARA,BUTON UTARA,1117,2499,3250
SULAWESI TENGGARA,KOLAKA,1044,6034,6019
SULAWESI TENGGARA,KOLAKA TIMUR,976,4339,4518
SULAWESI TENGGARA,KOLAKA UTARA,1015,8394,7237
SULAWESI TENGGARA,KONAWE,3433,10495,6939
SULAWESI TENGGARA,KONAWE KEPULAUAN,420,1895,3085
SULAWESI TENGGARA,KONAWE SELATAN,1947,11990,9341
SULAWESI TENGGARA,KONAWE UTARA,479,2137,2738
SULAWESI TENGGARA,KOTA BAUBAU,5331,6244,1019
SULAWESI TENGGARA,KOTA KENDARI,3628,11287,2574
SULAWESI TENGGARA,MUNA,5861,7999,11587
SULAWESI TENGGARA,MUNA BARAT,1513,3694,6398
SULAWESI TENGGARA,WAKATOBI,511,4274,2228
SULAWESI UTARA,BOLAANG MONGONDOW,3256,8943,13593
SULAWESI UTARA,BOLAANG MONGONDOW SELATAN,803,773,3558
SULAWESI UTARA,BOLAANG MONGONDOW TIMUR,725,1351,2956
SULAWESI UTARA,BOLAANG MONGONDOW UTARA,2194,1490,3410
SULAWESI UTARA,KEPULAUAN SANGIHE,1715,4007,3937
SULAWESI UTARA,KEPULAUAN TALAUD,1701,4224,1283
SULAWESI UTARA,KOTA BITUNG,2867,9146,1072
SULAWESI UTARA,KOTA MANADO,6355,11330,1626
SULAWESI UTARA,KOTA TOMOHON,2926,4701,47
SULAWESI UTARA,KOTAMOBAGU,955,3426,3326
SULAWESI UTARA,MINAHASA,7482,11397,1656
SULAWESI UTARA,MINAHASA SELATAN,6835,14907,3300
SULAWESI UTARA,MINAHASA TENGGARA,2293,5226,1983
SULAWESI UTARA,MINAHASA UTARA,2261,9929,4216
SULAWESI UTARA,SIAU TAGULANDANG BIARO,579,1659,608
SUMATERA BARAT,AGAM,4940,8896,7612
SUMATERA BARAT,DHARMASRAYA,881,3766,2398
SUMATERA BARAT,KEPULAUAN MENTAWAI,689,2594,4764
SUMATERA BARAT,KOTA BUKITTINGGI,827,2979,75
SUMATERA BARAT,KOTA PADANG,7905,25768,9432
SUMATERA BARAT,KOTA PADANG PANJANG,746,1219,128
SUMATERA BARAT,KOTA PARIAMAN,782,3026,706
SUMATERA BARAT,KOTA PAYAKUMBUH,1685,4094,653
SUMATERA BARAT,KOTA SAWAH LUNTO,249,975,360
SUMATERA BARAT,KOTA SOLOK,437,1342,675
SUMATERA BARAT,LIMA PULUH KOTA,9802,8143,14203
SUMATERA BARAT,PADANG PARIAMAN,3980,9722,14791
SUMATERA BARAT,PASAMAN,7263,1856,16368
SUMATERA BARAT,PASAMAN BARAT,4473,10770,24788
SUMATERA BARAT,PESISIR SELATAN,2296,12534,23171
SUMATERA BARAT,SIJUNJUNG,780,3125,8109
SUMATERA BARAT,SOLOK,7497,5805,16744
SUMATERA BARAT,SOLOK SELATAN,225,1772,7336
SUMATERA BARAT,TANAH DATAR,6260,5695,8026
SUMATERA SELATAN,BANYU ASIN,17008,55508,10035
SUMATERA SELATAN,EMPAT LAWANG,791,4879,16700
SUMATERA SELATAN,KOTA LUBUKLINGGAU,2090,7572,2202
SUMATERA SELATAN,KOTA PAGAR ALAM,3788,3078,2544
SUMATERA SELATAN,KOTA PALEMBANG,20780,63132,6428
SUMATERA SELATAN,KOTA PRABUMULIH,2054,6205,2591
SUMATERA SELATAN,LAHAT,10576,10889,16207
SUMATERA SELATAN,MUARA ENIM,10576,25090,20036
SUMATERA SELATAN,MUSI BANYUASIN,17004,31918,5822
SUMATERA SELATAN,MUSI RAWAS,6770,25395,10757
SUMATERA SELATAN,MUSI RAWAS UTARA,3812,5450,9028
SUMATERA SELATAN,OGAN ILIR,17699,17269,11197
SUMATERA SELATAN,OGAN KOMERING ILIR,27202,34269,10853
SUMATERA SELATAN,OGAN KOMERING ULU,2561,10490,11873
SUMATERA SELATAN,OGAN KOMERING ULU SELATAN,3535,15724,22492
SUMATERA SELATAN,OGAN KOMERING ULU TIMUR,6763,22389,5074
SUMATERA SELATAN,PENUKAL ABAB LEMATANG ILIR,1723,8559,7486
SUMATERA UTARA,ASAHAN,2473,27196,3962
SUMATERA UTARA,BATU BARA,4164,34141,4787
SUMATERA UTARA,DAIRI,1045,11156,5120
SUMATERA UTARA,DELI SERDANG,14359,87227,8587
SUMATERA UTARA,HUMBANG HASUNDUTAN,749,5302,7117
SUMATERA UTARA,KARO,7296,9572,7322
SUMATERA UTARA,KOTA BINJAI,2401,12822,636
SUMATERA UTARA,KOTA GUNUNGSITOLI,1876,6202,5962
SUMATERA UTARA,KOTA MEDAN,13322,95744,1083
SUMATERA UTARA,KOTA PADANGSIDIMPUAN,2894,3645,3922
SUMATERA UTARA,KOTA PEMATANG SIANTAR,1383,15093,1285
SUMATERA UTARA,KOTA SIBOLGA,805,4225,378
SUMATERA UTARA,KOTA TANJUNG BALAI,1823,10556,1921
SUMATERA UTARA,KOTA TEBING TINGGI,1861,8544,309
SUMATERA UTARA,LABUHAN BATU,2032,18439,2773
SUMATERA UTARA,LABUHAN BATU SELATAN,1648,5768,1640
SUMATERA UTARA,LABUHAN BATU UTARA,1750,13548,4163
SUMATERA UTARA,LANGKAT,13324,71198,12414
SUMATERA UTARA,MANDAILING NATAL,11781,3247,16534
SUMATERA UTARA,NIAS,1256,9153,10592
SUMATERA UTARA,NIAS BARAT,2022,2788,8985
SUMATERA UTARA,NIAS SELATAN,5675,4697,33706
SUMATERA UTARA,NIAS UTARA,1986,6507,14553
SUMATERA UTARA,PADANG LAWAS,1008,2123,13674
SUMATERA UTARA,PADANG LAWAS UTARA,1690,1692,7835
SUMATERA UTARA,PAKPAK BHARAT,121,1151,1064
SUMATERA UTARA,SAMOSIR,322,2536,3879
SUMATERA UTARA,SERDANG BEDAGAI,4739,25694,5629
SUMATERA UTARA,SIMALUNGUN,2838,26606,13166
SUMATERA UTARA,TAPANULI SELATAN,12132,2112,5830
SUMATERA UTARA,TAPANULI TENGAH,2025,6375,21287
SUMATERA UTARA,TAPANULI UTARA,2966,12302,10770
SUMATERA UTARA,TOBA SAMOSIR,576,3310,4540
