Provinsi,NamaKab/Kota,Bebas Sewa,Kontrak/Sewa,Milik Sendiri
ACEH,ACEH BARAT,1177,338,18270
ACEH,ACEH BARAT DAYA,2097,570,15359
ACEH,ACEH BESAR,3887,971,34134
ACEH,ACEH JAYA,684,68,7178
ACEH,ACEH SELATAN,3304,766,25008
ACEH,ACEH SINGKIL,1391,368,10287
ACEH,ACEH TAMIANG,3787,989,23201
ACEH,ACEH TENGAH,3113,1385,15070
ACEH,ACEH TENGGARA,2854,1255,11158
ACEH,ACEH TIMUR,4215,885,41713
ACEH,ACEH UTARA,6255,999,72399
ACEH,BENER MERIAH,1407,483,7474
ACEH,BIREUEN,4730,1208,46555
ACEH,GAYO LUES,1027,282,6505
ACEH,KOTA BANDA ACEH,1676,1219,5441
ACEH,KOTA LANGSA,2070,1143,6308
ACEH,KOTA LHOKSEUMAWE,1396,1327,9381
ACEH,KOTA SABANG,432,116,1689
ACEH,KOTA SUBULUSSALAM,624,234,6256
ACEH,NAGAN RAYA,2234,324,16828
ACEH,PIDIE,8671,565,40500
ACEH,PIDIE JAYA,1770,293,16826
ACEH,SIMEULUE,798,101,10756
BALI,BADUNG,354,150,11770
BALI,BANGLI,623,58,16554
BALI,BULELENG,9229,711,51151
BALI,GIANYAR,277,70,18680
BALI,JEMBRANA,1831,204,15664
BALI,KARANG ASEM,2359,107,35550
BALI,KLUNGKUNG,563,67,10460
BALI,KOTA DENPASAR,243,1759,2677
BALI,TABANAN,801,196,28094
BANTEN,KOTA CILEGON,1444,750,11539
BANTEN,KOTA SERANG,1728,439,18240
BANTEN,KOTA TANGERANG,7930,11090,48304
BANTEN,KOTA TANGERANG SELATAN,1202,4149,28773
BANTEN,LEBAK,2646,377,101708
BANTEN,PANDEGLANG,4208,602,108168
BANTEN,SERANG,2454,231,66140
BANTEN,TANGERANG,8466,3209,216012
BENGKULU,BENGKULU SELATAN,640,124,11458
BENGKULU,BENGKULU TENGAH,1156,94,11143
BENGKULU,BENGKULU UTARA,1928,229,19796
BENGKULU,KAUR,571,101,11442
BENGKULU,KEPAHIANG,1377,391,8980
BENGKULU,KOTA BENGKULU,2917,3599,13677
BENGKULU,LEBONG,1496,177,8533
BENGKULU,MUKOMUKO,1442,147,11493
BENGKULU,REJANG LEBONG,4947,1754,21084
BENGKULU,SELUMA,1202,81,18592
DI YOGYAKARTA,BANTUL,7477,730,89978
DI YOGYAKARTA,GUNUNG KIDUL,1910,118,94846
DI YOGYAKARTA,KOTA YOGYAKARTA,8438,4752,12121
DI YOGYAKARTA,KULON PROGO,2868,78,41069
DI YOGYAKARTA,SLEMAN,12437,1680,85901
DKI JAKARTA,KEPULAUAN SERIBU,136,92,1519
DKI JAKARTA,KOTA JAKARTA BARAT,9539,14866,27715
DKI JAKARTA,KOTA JAKARTA PUSAT,12463,7219,13593
DKI JAKARTA,KOTA JAKARTA SELATAN,7679,13394,16148
DKI JAKARTA,KOTA JAKARTA TIMUR,14065,21337,30195
DKI JAKARTA,KOTA JAKARTA UTARA,16213,22248,29531
GORONTALO,BOALEMO,1309,28,13093
GORONTALO,BONE BOLANGO,1747,29,11726
GORONTALO,GORONTALO,5389,111,38085
GORONTALO,GORONTALO UTARA,1100,15,10799
GORONTALO,KOTA GORONTALO,3739,155,8273
GORONTALO,POHUWATO,721,39,10433
JAMBI,BATANG HARI,2943,476,17474
JAMBI,BUNGO,1905,300,15032
JAMBI,KERINCI,7269,197,20855
JAMBI,KOTA JAMBI,4847,6727,19815
JAMBI,KOTA SUNGAI PENUH,1192,198,3943
JAMBI,MERANGIN,1634,277,20975
JAMBI,MUARO JAMBI,1834,460,14950
JAMBI,SAROLANGUN,2011,305,20217
JAMBI,TANJUNG JABUNG BARAT,1927,1483,21271
JAMBI,TANJUNG JABUNG TIMUR,767,291,15668
JAMBI,TEBO,1913,190,18313
JAWA BARAT,BANDUNG,39603,15120,262036
JAWA BARAT,BANDUNG BARAT,13299,2906,123752
JAWA BARAT,BEKASI,5073,2585,149789
JAWA BARAT,BOGOR,17488,5959,293165
JAWA BARAT,CIAMIS,16277,1553,133047
JAWA BARAT,CIANJUR,27575,10239,262368
JAWA BARAT,CIREBON,47080,2732,193942
JAWA BARAT,GARUT,27671,6222,279161
JAWA BARAT,INDRAMAYU,31203,2268,202632
JAWA BARAT,KARAWANG,17186,3986,196421
JAWA BARAT,KOTA BANDUNG,25814,25475,61657
JAWA BARAT,KOTA BANJAR,1322,436,10076
JAWA BARAT,KOTA BEKASI,7857,18191,68576
JAWA BARAT,KOTA BOGOR,13726,5663,49606
JAWA BARAT,KOTA CIMAHI,5970,4372,14867
JAWA BARAT,KOTA CIREBON,6449,2018,17207
JAWA BARAT,KOTA DEPOK,6508,10797,56430
JAWA BARAT,KOTA SUKABUMI,3485,2393,15944
JAWA BARAT,KOTA TASIKMALAYA,10422,5610,49661
JAWA BARAT,KUNINGAN,8549,699,98786
JAWA BARAT,MAJALENGKA,14975,1005,120975
JAWA BARAT,PANGANDARAN,2448,302,40600
JAWA BARAT,PURWAKARTA,3974,1185,53868
JAWA BARAT,SUBANG,13164,2957,113562
JAWA BARAT,SUKABUMI,15262,3126,215267
JAWA BARAT,SUMEDANG,8284,1392,85043
JAWA BARAT,TASIKMALAYA,14118,1657,194724
JAWA TENGAH,BANJARNEGARA,4437,271,100415
JAWA TENGAH,BANYUMAS,9248,983,210340
JAWA TENGAH,BATANG,2708,129,72007
JAWA TENGAH,BLORA,5347,320,105567
JAWA TENGAH,BOYOLALI,4724,312,91118
JAWA TENGAH,BREBES,26963,1141,231587
JAWA TENGAH,CILACAP,12116,1365,194609
JAWA TENGAH,DEMAK,9808,611,138813
JAWA TENGAH,GROBOGAN,12157,429,175991
JAWA TENGAH,JEPARA,13019,502,136989
JAWA TENGAH,KARANGANYAR,5682,448,70499
JAWA TENGAH,KEBUMEN,10324,749,144122
JAWA TENGAH,KENDAL,10708,530,85489
JAWA TENGAH,KLATEN,18847,989,146273
JAWA TENGAH,KOTA MAGELANG,2564,1440,4826
JAWA TENGAH,KOTA PEKALONGAN,7347,534,20470
JAWA TENGAH,KOTA SALATIGA,1243,379,7296
JAWA TENGAH,KOTA SEMARANG,16626,5271,53665
JAWA TENGAH,KOTA SURAKARTA,10917,6168,20673
JAWA TENGAH,KOTA TEGAL,6172,807,12548
JAWA TENGAH,KUDUS,3278,489,53717
JAWA TENGAH,MAGELANG,8696,1129,142625
JAWA TENGAH,PATI,11716,514,164527
JAWA TENGAH,PEKALONGAN,7212,398,92910
JAWA TENGAH,PEMALANG,13766,796,153280
JAWA TENGAH,PURBALINGGA,4766,320,111266
JAWA TENGAH,PURWOREJO,11008,794,68477
JAWA TENGAH,REMBANG,3575,267,86905
JAWA TENGAH,SEMARANG,4498,305,68526
JAWA TENGAH,SRAGEN,7410,274,73426
JAWA TENGAH,SUKOHARJO,8542,1496,73552
JAWA TENGAH,TEGAL,21406,1219,141134
JAWA TENGAH,TEMANGGUNG,2957,692,77134
JAWA TENGAH,WONOGIRI,2579,65,90222
JAWA TENGAH,WONOSOBO,4865,436,82390
JAWA TIMUR,BANGKALAN,3650,1013,122504
JAWA TIMUR,BANYUWANGI,17515,2384,159165
JAWA TIMUR,BLITAR,9049,622,102002
JAWA TIMUR,BOJONEGORO,2802,343,160901
JAWA TIMUR,BONDOWOSO,3233,428,148313
JAWA TIMUR,GRESIK,4722,1347,88941
JAWA TIMUR,JEMBER,14326,2383,275696
JAWA TIMUR,JOMBANG,12420,1551,135393
JAWA TIMUR,KEDIRI,17092,1716,135479
JAWA TIMUR,KOTA BATU,548,339,10586
JAWA TIMUR,KOTA BLITAR,946,296,5831
JAWA TIMUR,KOTA KEDIRI,4174,1717,14730
JAWA TIMUR,KOTA MADIUN,1921,863,4222
JAWA TIMUR,KOTA MALANG,4043,2457,23974
JAWA TIMUR,KOTA MOJOKERTO,1211,652,4892
JAWA TIMUR,KOTA PASURUAN,1640,984,11682
JAWA TIMUR,KOTA PROBOLINGGO,1396,484,15460
JAWA TIMUR,KOTA SURABAYA,24748,32658,81686
JAWA TIMUR,LAMONGAN,5408,592,109172
JAWA TIMUR,LUMAJANG,4390,1153,126774
JAWA TIMUR,MADIUN,4434,379,67778
JAWA TIMUR,MAGETAN,2767,236,58077
JAWA TIMUR,MALANG,8374,2211,200102
JAWA TIMUR,MOJOKERTO,4885,964,73051
JAWA TIMUR,NGANJUK,12810,974,129862
JAWA TIMUR,NGAWI,6207,409,110892
JAWA TIMUR,PACITAN,646,73,53424
JAWA TIMUR,PAMEKASAN,4030,347,119681
JAWA TIMUR,PASURUAN,4742,1425,191026
JAWA TIMUR,PONOROGO,6082,224,103463
JAWA TIMUR,PROBOLINGGO,5429,472,177755
JAWA TIMUR,SAMPANG,4508,127,131453
JAWA TIMUR,SIDOARJO,7171,4886,104549
JAWA TIMUR,SITUBONDO,4527,842,103207
JAWA TIMUR,SUMENEP,3543,412,176204
JAWA TIMUR,TRENGGALEK,2026,43,80870
JAWA TIMUR,TUBAN,3897,467,119255
JAWA TIMUR,TULUNGAGUNG,5906,595,88872
KALIMANTAN BARAT,BENGKAYANG,962,47,16276
KALIMANTAN BARAT,KAPUAS HULU,1398,98,24341
KALIMANTAN BARAT,KAYONG UTARA,228,22,8311
KALIMANTAN BARAT,KETAPANG,2285,413,36492
KALIMANTAN BARAT,KOTA PONTIANAK,4696,1745,15226
KALIMANTAN BARAT,KOTA SINGKAWANG,1894,304,11265
KALIMANTAN BARAT,KUBU RAYA,2742,1315,45827
KALIMANTAN BARAT,LANDAK,1554,256,43884
KALIMANTAN BARAT,MELAWI,1310,84,15757
KALIMANTAN BARAT,MEMPAWAH,1309,249,24156
KALIMANTAN BARAT,SAMBAS,2588,300,38003
KALIMANTAN BARAT,SANGGAU,1288,330,28845
KALIMANTAN BARAT,SEKADAU,353,35,8600
KALIMANTAN BARAT,SINTANG,2337,388,39236
KALIMANTAN SELATAN,BALANGAN,650,55,6720
KALIMANTAN SELATAN,BANJAR,3769,570,19410
KALIMANTAN SELATAN,BARITO KUALA,2196,199,15667
KALIMANTAN SELATAN,HULU SUNGAI SELATAN,3043,373,17728
KALIMANTAN SELATAN,HULU SUNGAI TENGAH,2625,336,23362
KALIMANTAN SELATAN,HULU SUNGAI UTARA,5038,637,20100
KALIMANTAN SELATAN,KOTA BANJAR BARU,2014,1430,7235
KALIMANTAN SELATAN,KOTA BANJARMASIN,8207,7749,20516
KALIMANTAN SELATAN,KOTA BARU,1209,357,13034
KALIMANTAN SELATAN,TABALONG,1690,499,16884
KALIMANTAN SELATAN,TANAH BUMBU,1759,927,14022
KALIMANTAN SELATAN,TANAH LAUT,1822,317,15354
KALIMANTAN SELATAN,TAPIN,587,65,5715
KALIMANTAN TENGAH,BARITO SELATAN,758,157,6017
KALIMANTAN TENGAH,BARITO TIMUR,385,81,4641
KALIMANTAN TENGAH,BARITO UTARA,1071,124,5932
KALIMANTAN TENGAH,GUNUNG MAS,225,10,1162
KALIMANTAN TENGAH,KAPUAS,3102,599,26443
KALIMANTAN TENGAH,KATINGAN,1078,138,7987
KALIMANTAN TENGAH,KOTA PALANGKA RAYA,1493,1460,6126
KALIMANTAN TENGAH,KOTAWARINGIN BARAT,879,270,8520
KALIMANTAN TENGAH,KOTAWARINGIN TIMUR,3022,572,24075
KALIMANTAN TENGAH,LAMANDAU,217,20,2874
KALIMANTAN TENGAH,MURUNG RAYA,601,48,4870
KALIMANTAN TENGAH,PULANG PISAU,885,44,9858
KALIMANTAN TENGAH,SERUYAN,582,110,5923
KALIMANTAN TENGAH,SUKAMARA,384,43,2202
KALIMANTAN TIMUR,BERAU,1005,195,6625
KALIMANTAN TIMUR,KOTA BALIKPAPAN,4382,3980,15865
KALIMANTAN TIMUR,KOTA BONTANG,867,1990,4520
KALIMANTAN TIMUR,KOTA SAMARINDA,3800,6028,17268
KALIMANTAN TIMUR,KUTAI BARAT,906,112,8976
KALIMANTAN TIMUR,KUTAI KARTANEGARA,3130,1293,30738
KALIMANTAN TIMUR,KUTAI TIMUR,3913,1433,16529
KALIMANTAN TIMUR,MAHAKAM HULU,157,26,1905
KALIMANTAN TIMUR,PASER,1640,375,18847
KALIMANTAN TIMUR,PENAJAM PASER UTARA,981,260,9131
KALIMANTAN UTARA,BULUNGAN,600,80,4673
KALIMANTAN UTARA,KOTA TARAKAN,1656,1911,6524
KALIMANTAN UTARA,MALINAU,269,67,4295
KALIMANTAN UTARA,NUNUKAN,1749,738,10243
KALIMANTAN UTARA,TANA TIDUNG,80,5,604
KEPULAUAN BANGKA BELITUNG,BANGKA,976,255,13642
KEPULAUAN BANGKA BELITUNG,BANGKA BARAT,198,39,5956
KEPULAUAN BANGKA BELITUNG,BANGKA SELATAN,521,128,7360
KEPULAUAN BANGKA BELITUNG,BANGKA TENGAH,539,200,9501
KEPULAUAN BANGKA BELITUNG,BELITUNG,623,175,9141
KEPULAUAN BANGKA BELITUNG,BELITUNG TIMUR,381,85,6879
KEPULAUAN BANGKA BELITUNG,KOTA PANGKAL PINANG,1105,667,6642
KEPULAUAN RIAU,BINTAN,755,562,4532
KEPULAUAN RIAU,KARIMUN,862,579,12190
KEPULAUAN RIAU,KEPULAUAN ANAMBAS,38,7,656
KEPULAUAN RIAU,KOTA BATAM,1784,4995,32759
KEPULAUAN RIAU,KOTA TANJUNG PINANG,1563,2526,5849
KEPULAUAN RIAU,LINGGA,195,45,6914
KEPULAUAN RIAU,NATUNA,112,43,2380
LAMPUNG,KOTA BANDAR LAMPUNG,17607,12484,49563
LAMPUNG,KOTA METRO,1163,578,6755
LAMPUNG,LAMPUNG BARAT,3361,771,29147
LAMPUNG,LAMPUNG SELATAN,10796,1860,118582
LAMPUNG,LAMPUNG TENGAH,9727,1120,111489
LAMPUNG,LAMPUNG TIMUR,8348,799,99346
LAMPUNG,LAMPUNG UTARA,6791,1476,64648
LAMPUNG,MESUJI,1602,77,20324
LAMPUNG,PESAWARAN,5146,817,55795
LAMPUNG,PESISIR BARAT,931,215,18412
LAMPUNG,PRINGSEWU,3438,512,32422
LAMPUNG,TANGGAMUS,4674,870,60062
LAMPUNG,TULANG BAWANG BARAT,1954,94,20655
LAMPUNG,TULANGBAWANG,3295,510,37930
LAMPUNG,WAY KANAN,3640,373,42952
MALUKU,BURU,252,29,8194
MALUKU,BURU SELATAN,123,8,5545
MALUKU,KEPULAUAN ARU,366,17,6284
MALUKU,KOTA AMBON,4220,870,13894
MALUKU,KOTA TUAL,271,23,4050
MALUKU,MALUKU BARAT DAYA,666,13,9293
MALUKU,MALUKU TENGAH,5868,367,29916
MALUKU,MALUKU TENGGARA,425,22,6505
MALUKU,MALUKU TENGGARA BARAT,763,28,10792
MALUKU,SERAM BAGIAN BARAT,1700,59,17836
MALUKU,SERAM BAGIAN TIMUR,252,10,8697
MALUKU UTARA,HALMAHERA BARAT,371,7,6743
MALUKU UTARA,HALMAHERA SELATAN,385,12,9082
MALUKU UTARA,HALMAHERA TENGAH,405,13,3623
MALUKU UTARA,HALMAHERA TIMUR,249,20,5981
MALUKU UTARA,HALMAHERA UTARA,376,24,6054
MALUKU UTARA,KEPULAUAN SULA,520,29,3714
MALUKU UTARA,KOTA TERNATE,346,67,3091
MALUKU UTARA,KOTA TIDORE KEPULAUAN,369,14,5607
MALUKU UTARA,PULAU MOROTAI,172,13,3227
MALUKU UTARA,PULAU TALIABU,213,2,2266
NUSA TENGGARA BARAT,BIMA,8120,79,53464
NUSA TENGGARA BARAT,DOMPU,3143,161,27346
NUSA TENGGARA BARAT,KOTA BIMA,2713,218,12591
NUSA TENGGARA BARAT,KOTA MATARAM,8246,1236,24883
NUSA TENGGARA BARAT,LOMBOK BARAT,7669,340,93895
NUSA TENGGARA BARAT,LOMBOK TENGAH,8886,387,153336
NUSA TENGGARA BARAT,LOMBOK TIMUR,27458,588,188030
NUSA TENGGARA BARAT,LOMBOK UTARA,1987,77,34249
NUSA TENGGARA BARAT,SUMBAWA,3329,280,38884
NUSA TENGGARA BARAT,SUMBAWA BARAT,1072,194,13306
NUSA TENGGARA TIMUR,ALOR,429,31,25567
NUSA TENGGARA TIMUR,BELU,1554,267,18491
NUSA TENGGARA TIMUR,ENDE,875,51,26192
NUSA TENGGARA TIMUR,FLORES TIMUR,861,74,21013
NUSA TENGGARA TIMUR,KOTA KUPANG,3640,2260,13207
NUSA TENGGARA TIMUR,KUPANG,1163,53,34451
NUSA TENGGARA TIMUR,LEMBATA,658,53,16279
NUSA TENGGARA TIMUR,MALAKA,474,27,21612
NUSA TENGGARA TIMUR,MANGGARAI,2069,128,33712
NUSA TENGGARA TIMUR,MANGGARAI BARAT,3166,43,30174
NUSA TENGGARA TIMUR,MANGGARAI TIMUR,667,39,38835
NUSA TENGGARA TIMUR,NAGEKEO,255,12,10909
NUSA TENGGARA TIMUR,NGADA,238,37,10678
NUSA TENGGARA TIMUR,ROTE NDAO,597,36,17827
NUSA TENGGARA TIMUR,SABU RAIJUA,222,5,14399
NUSA TENGGARA TIMUR,SIKKA,1061,133,32943
NUSA TENGGARA TIMUR,SUMBA BARAT,605,70,15229
NUSA TENGGARA TIMUR,SUMBA BARAT DAYA,184,23,45799
NUSA TENGGARA TIMUR,SUMBA TENGAH,163,13,9212
NUSA TENGGARA TIMUR,SUMBA TIMUR,1168,30,24325
NUSA TENGGARA TIMUR,TIMOR TENGAH SELATAN,846,120,74056
NUSA TENGGARA TIMUR,TIMOR TENGAH UTARA,826,50,30324
PAPUA,ASMAT,3003,287,8513
PAPUA,BIAK NUMFOR,2142,513,10674
PAPUA,BOVEN DIGOEL,37,4,5158
PAPUA,DEIYAI,0,0,2991
PAPUA,DOGIYAI,1,2,4580
PAPUA,INTAN JAYA,0,1,205
PAPUA,JAYAPURA,491,31,8602
PAPUA,JAYAWIJAYA,722,4,12420
PAPUA,KEEROM,918,55,5201
PAPUA,KEPULAUAN YAPEN,832,207,6621
PAPUA,KOTA JAYAPURA,2908,2540,9816
PAPUA,LANNY JAYA,2,0,5627
PAPUA,MAMBERAMO RAYA,0,0,680
PAPUA,MAMBERAMO TENGAH,0,0,687
PAPUA,MAPPI,756,12,9647
PAPUA,MERAUKE,1657,418,10802
PAPUA,MIMIKA,1318,1001,10854
PAPUA,NABIRE,619,167,8389
PAPUA,NDUGA,0,0,0
PAPUA,PANIAI,0,0,6883
PAPUA,PEGUNUNGAN BINTANG,0,0,12849
PAPUA,PUNCAK,29,2,11295
PAPUA,PUNCAK JAYA,205,128,6470
PAPUA,SARMI,148,7,1879
PAPUA,SUPIORI,29,1,1988
PAPUA,TOLIKARA,22,65,4197
PAPUA,WAROPEN,180,27,1384
PAPUA,YAHUKIMO,4,0,9972
PAPUA,YALIMO,13,0,4869
PAPUA BARAT,FAKFAK,784,255,6941
PAPUA BARAT,KAIMANA,539,80,3876
PAPUA BARAT,KOTA SORONG,2669,2218,6920
PAPUA BARAT,MANOKWARI,1139,263,9040
PAPUA BARAT,MANOKWARI SELATAN,221,11,3433
PAPUA BARAT,MAYBRAT,418,11,3800
PAPUA BARAT,PEGUNUNGAN ARFAK,315,1,6424
PAPUA BARAT,RAJA AMPAT,170,26,4000
PAPUA BARAT,SORONG,843,111,6984
PAPUA BARAT,SORONG SELATAN,708,10,2611
PAPUA BARAT,TAMBRAUW,56,0,2273
PAPUA BARAT,TELUK BINTUNI,458,116,4301
PAPUA BARAT,TELUK WONDAMA,178,24,2319
RIAU,BENGKALIS,2142,1696,24843
RIAU,INDRAGIRI HILIR,2667,1593,35526
RIAU,INDRAGIRI HULU,3514,1063,28925
RIAU,KAMPAR,7573,4281,44464
RIAU,KEPULAUAN MERANTI,1063,459,21894
RIAU,KOTA DUMAI,1839,3669,10225
RIAU,KOTA PEKANBARU,4778,11690,10326
RIAU,KUANTAN SINGINGI,2102,519,16836
RIAU,PELALAWAN,2107,2239,15008
RIAU,ROKAN HILIR,6733,3877,38927
RIAU,ROKAN HULU,5044,1851,22160
RIAU,S I A K,2572,1927,16791
SULAWESI BARAT,MAJENE,745,53,17211
SULAWESI BARAT,MAMASA,1568,43,18802
SULAWESI BARAT,MAMUJU,1181,42,17244
SULAWESI BARAT,MAMUJU TENGAH,473,18,6372
SULAWESI BARAT,MAMUJU UTARA,800,25,9034
SULAWESI BARAT,POLEWALI MANDAR,2091,110,40563
SULAWESI SELATAN,BANTAENG,1118,76,15439
SULAWESI SELATAN,BARRU,1225,85,15003
SULAWESI SELATAN,BONE,4333,517,74720
SULAWESI SELATAN,BULUKUMBA,2674,134,32479
SULAWESI SELATAN,ENREKANG,2107,56,17454
SULAWESI SELATAN,GOWA,4136,660,64876
SULAWESI SELATAN,JENEPONTO,5288,105,45818
SULAWESI SELATAN,KEPULAUAN SELAYAR,704,27,12727
SULAWESI SELATAN,KOTA MAKASSAR,11577,10410,27527
SULAWESI SELATAN,KOTA PALOPO,1057,714,5430
SULAWESI SELATAN,KOTA PAREPARE,1537,779,4710
SULAWESI SELATAN,LUWU,3090,136,30067
SULAWESI SELATAN,LUWU TIMUR,1414,125,16825
SULAWESI SELATAN,LUWU UTARA,3028,143,28674
SULAWESI SELATAN,MAROS,1823,183,28313
SULAWESI SELATAN,PANGKAJENE DAN KEPULAUAN,3142,181,28438
SULAWESI SELATAN,PINRANG,2275,182,20460
SULAWESI SELATAN,SIDENRENG RAPPANG,2712,190,18359
SULAWESI SELATAN,SINJAI,785,55,19884
SULAWESI SELATAN,SOPPENG,1497,160,19881
SULAWESI SELATAN,TAKALAR,1824,126,32096
SULAWESI SELATAN,TANA TORAJA,3009,111,20581
SULAWESI SELATAN,TORAJA UTARA,3039,156,15904
SULAWESI SELATAN,WAJO,2809,141,26716
SULAWESI TENGAH,BANGGAI,3325,325,30901
SULAWESI TENGAH,BANGGAI KEPULAUAN,537,23,11575
SULAWESI TENGAH,BANGGAI LAUT,382,16,3859
SULAWESI TENGAH,BUOL,1000,89,12197
SULAWESI TENGAH,DONGGALA,2524,165,29272
SULAWESI TENGAH,KOTA PALU,2227,1399,9453
SULAWESI TENGAH,MOROWALI,450,18,9447
SULAWESI TENGAH,MOROWALI UTARA,663,37,9019
SULAWESI TENGAH,PARIGI MOUTONG,3223,229,40053
SULAWESI TENGAH,POSO,2646,164,21170
SULAWESI TENGAH,SIGI,1872,85,19814
SULAWESI TENGAH,TOJO UNA-UNA,1015,30,13224
SULAWESI TENGAH,TOLI-TOLI,1487,150,17467
SULAWESI TENGGARA,BOMBANA,862,25,15620
SULAWESI TENGGARA,BUTON,859,34,9509
SULAWESI TENGGARA,BUTON SELATAN,907,49,8572
SULAWESI TENGGARA,BUTON TENGAH,1571,35,11254
SULAWESI TENGGARA,BUTON UTARA,223,4,6606
SULAWESI TENGGARA,KOLAKA,924,151,11940
SULAWESI TENGGARA,KOLAKA TIMUR,479,17,9314
SULAWESI TENGGARA,KOLAKA UTARA,1573,170,14871
SULAWESI TENGGARA,KONAWE,1360,47,19402
SULAWESI TENGGARA,KONAWE KEPULAUAN,200,4,5177
SULAWESI TENGGARA,KONAWE SELATAN,699,31,22498
SULAWESI TENGGARA,KONAWE UTARA,195,2,5147
SULAWESI TENGGARA,KOTA BAUBAU,3088,555,8796
SULAWESI TENGGARA,KOTA KENDARI,2531,1302,13543
SULAWESI TENGGARA,MUNA,1744,109,23439
SULAWESI TENGGARA,MUNA BARAT,553,18,10988
SULAWESI TENGGARA,WAKATOBI,392,4,6558
SULAWESI UTARA,BOLAANG MONGONDOW,3207,164,22261
SULAWESI UTARA,BOLAANG MONGONDOW SELATAN,487,16,4593
SULAWESI UTARA,BOLAANG MONGONDOW TIMUR,489,44,4432
SULAWESI UTARA,BOLAANG MONGONDOW UTARA,559,17,6503
SULAWESI UTARA,KEPULAUAN SANGIHE,782,22,8798
SULAWESI UTARA,KEPULAUAN TALAUD,442,5,6755
SULAWESI UTARA,KOTA BITUNG,2184,521,10052
SULAWESI UTARA,KOTA MANADO,5099,1479,11499
SULAWESI UTARA,KOTA TOMOHON,2810,119,4732
SULAWESI UTARA,KOTAMOBAGU,1030,194,6403
SULAWESI UTARA,MINAHASA,7479,493,11963
SULAWESI UTARA,MINAHASA SELATAN,5764,313,18478
SULAWESI UTARA,MINAHASA TENGGARA,1383,181,7876
SULAWESI UTARA,MINAHASA UTARA,3807,429,11806
SULAWESI UTARA,SIAU TAGULANDANG BIARO,284,1,2548
SUMATERA BARAT,AGAM,5442,665,14104
SUMATERA BARAT,DHARMASRAYA,642,102,6221
SUMATERA BARAT,KEPULAUAN MENTAWAI,187,33,7752
SUMATERA BARAT,KOTA BUKITTINGGI,955,1749,1152
SUMATERA BARAT,KOTA PADANG,10097,6865,25361
SUMATERA BARAT,KOTA PADANG PANJANG,556,373,1145
SUMATERA BARAT,KOTA PARIAMAN,1296,184,3026
SUMATERA BARAT,KOTA PAYAKUMBUH,1091,888,4417
SUMATERA BARAT,KOTA SAWAH LUNTO,332,57,1173
SUMATERA BARAT,KOTA SOLOK,390,440,1606
SUMATERA BARAT,LIMA PULUH KOTA,4682,474,25923
SUMATERA BARAT,PADANG PARIAMAN,4919,493,22421
SUMATERA BARAT,PASAMAN,5387,1669,17952
SUMATERA BARAT,PASAMAN BARAT,4883,1517,33195
SUMATERA BARAT,PESISIR SELATAN,6350,579,30268
SUMATERA BARAT,SIJUNJUNG,1074,96,10599
SUMATERA BARAT,SOLOK,5206,705,22971
SUMATERA BARAT,SOLOK SELATAN,1458,116,7542
SUMATERA BARAT,TANAH DATAR,5309,431,13314
SUMATERA SELATAN,BANYU ASIN,5938,1934,73883
SUMATERA SELATAN,EMPAT LAWANG,3577,706,17671
SUMATERA SELATAN,KOTA LUBUKLINGGAU,2171,1907,7669
SUMATERA SELATAN,KOTA PAGAR ALAM,1489,934,6813
SUMATERA SELATAN,KOTA PALEMBANG,23628,18522,47052
SUMATERA SELATAN,KOTA PRABUMULIH,1793,1368,7648
SUMATERA SELATAN,LAHAT,6845,1300,29226
SUMATERA SELATAN,MUARA ENIM,7183,1687,44984
SUMATERA SELATAN,MUSI BANYUASIN,6687,1939,45283
SUMATERA SELATAN,MUSI RAWAS,4639,664,37268
SUMATERA SELATAN,MUSI RAWAS UTARA,3112,605,14410
SUMATERA SELATAN,OGAN ILIR,5328,830,39431
SUMATERA SELATAN,OGAN KOMERING ILIR,13738,1085,56904
SUMATERA SELATAN,OGAN KOMERING ULU,5574,1625,17430
SUMATERA SELATAN,OGAN KOMERING ULU SELATAN,5059,1539,34787
SUMATERA SELATAN,OGAN KOMERING ULU TIMUR,4050,406,29459
SUMATERA SELATAN,PENUKAL ABAB LEMATANG ILIR,1676,318,15683
SUMATERA UTARA,ASAHAN,5741,2373,24967
SUMATERA UTARA,BATU BARA,7364,2338,33155
SUMATERA UTARA,DAIRI,2591,2221,12293
SUMATERA UTARA,DELI SERDANG,27209,10489,70349
SUMATERA UTARA,HUMBANG HASUNDUTAN,3004,272,9714
SUMATERA UTARA,KARO,4566,9685,7919
SUMATERA UTARA,KOTA BINJAI,3764,2023,9965
SUMATERA UTARA,KOTA GUNUNGSITOLI,2284,355,11072
SUMATERA UTARA,KOTA MEDAN,27266,29251,52119
SUMATERA UTARA,KOTA PADANGSIDIMPUAN,1986,3527,4946
SUMATERA UTARA,KOTA PEMATANG SIANTAR,4511,5599,7499
SUMATERA UTARA,KOTA SIBOLGA,1346,2274,1782
SUMATERA UTARA,KOTA TANJUNG BALAI,2678,3170,8377
SUMATERA UTARA,KOTA TEBING TINGGI,2576,2467,5407
SUMATERA UTARA,LABUHAN BATU,3022,2180,17615
SUMATERA UTARA,LABUHAN BATU SELATAN,1904,868,5880
SUMATERA UTARA,LABUHAN BATU UTARA,3127,903,14956
SUMATERA UTARA,LANGKAT,23500,5086,66126
SUMATERA UTARA,MANDAILING NATAL,4566,4370,22522
SUMATERA UTARA,NIAS,2131,192,18425
SUMATERA UTARA,NIAS BARAT,1943,59,11686
SUMATERA UTARA,NIAS SELATAN,3364,243,39853
SUMATERA UTARA,NIAS UTARA,2750,88,19778
SUMATERA UTARA,PADANG LAWAS,2650,892,13139
SUMATERA UTARA,PADANG LAWAS UTARA,1912,395,8824
SUMATERA UTARA,PAKPAK BHARAT,227,19,2071
SUMATERA UTARA,SAMOSIR,2679,292,3415
SUMATERA UTARA,SERDANG BEDAGAI,6985,1836,26877
SUMATERA UTARA,SIMALUNGUN,9621,3030,28873
SUMATERA UTARA,TAPANULI SELATAN,3384,2650,13625
SUMATERA UTARA,TAPANULI TENGAH,5383,3192,20690
SUMATERA UTARA,TAPANULI UTARA,5561,1523,17502
SUMATERA UTARA,TOBA SAMOSIR,2778,787,4693
